roll_no,admin_no,name,email,parent_name,parent_phone,class_name,school_name,school_board,attendance_rate,study_hours_per_week,avg_grade,gpa
2024-8842,ADM-8842,Alex Sterling,alex@atelier.edu,Mr. Sterling,+1-555-0190,Grade 12-A,Academic Atelier Academy,Standard Board,92.0,15.0,84.2,3.82
2024-29401,ADM-29401,Jane Doe,jane@atelier.edu,Mrs. Doe,+1-555-0191,Grade 12-A,Academic Atelier Academy,Standard Board,98.0,24.0,97.0,3.95
2024-29402,ADM-29402,Marcus Smith,marcus@atelier.edu,Mr. Smith,+1-555-0192,Grade 12-A,Academic Atelier Academy,Standard Board,85.0,6.0,78.0,2.8
2024-29403,ADM-29403,Aisha Lewis,aisha@atelier.edu,Mrs. Lewis,+1-555-0193,Grade 12-A,Academic Atelier Academy,Standard Board,92.0,18.0,91.0,3.5
2024-29404,ADM-29404,Tobias Kent,tobias@atelier.edu,Mr. Kent,+1-555-0194,Grade 12-A,Academic Atelier Academy,Standard Board,64.0,3.0,50.0,1.8
2024-1011,ADM-1011,Lucas Johnson,lucas.johnson101@atelier.edu,Mr. Johnson,+1-555-5012,Grade 12-A,Academic Atelier Academy,Standard Board,61.2,22.6,80.6,3.11
2024-1012,ADM-1012,Avery Garcia,avery.garcia102@atelier.edu,Mr. Garcia,+1-555-1520,Grade 12-A,Academic Atelier Academy,Standard Board,51.5,8.1,70.3,2.37
2024-1013,ADM-1013,Noah Scott,noah.scott103@atelier.edu,Mrs. Scott,+1-555-9928,Grade 12-A,Academic Atelier Academy,Standard Board,71.0,14.6,56.7,2.67
2024-1014,ADM-1014,Liam Hernandez,liam.hernandez104@atelier.edu,Mr. Hernandez,+1-555-6574,Grade 12-A,Academic Atelier Academy,Standard Board,63.9,8.0,85.8,2.95
2024-1015,ADM-1015,Henry Garcia,henry.garcia105@atelier.edu,Mrs. Garcia,+1-555-6881,Grade 12-A,Academic Atelier Academy,Standard Board,92.4,18.9,88.4,3.41
2024-1016,ADM-1016,Aiden Wright,aiden.wright106@atelier.edu,Mrs. Wright,+1-555-7201,Grade 12-A,Academic Atelier Academy,Standard Board,53.9,10.2,77.7,2.56
2024-1017,ADM-1017,Ethan Torres,ethan.torres107@atelier.edu,Mrs. Torres,+1-555-2139,Grade 12-A,Academic Atelier Academy,Standard Board,52.3,8.4,57.4,2.4
2024-1018,ADM-1018,William Anderson,william.anderson108@atelier.edu,Mr. Anderson,+1-555-7227,Grade 12-A,Academic Atelier Academy,Standard Board,63.9,19.8,61.9,2.82
2024-1019,ADM-1019,Ethan Thompson,ethan.thompson109@atelier.edu,Mrs. Thompson,+1-555-5374,Grade 12-A,Academic Atelier Academy,Standard Board,85.1,21.1,44.3,2.69
2024-1020,ADM-1020,Emma Wright,emma.wright110@atelier.edu,Mr. Wright,+1-555-3677,Grade 12-A,Academic Atelier Academy,Standard Board,73.1,9.6,95.5,3.13
2024-1021,ADM-1021,Ella Anderson,ella.anderson111@atelier.edu,Mr. Anderson,+1-555-1916,Grade 12-A,Academic Atelier Academy,Standard Board,61.5,2.9,58.9,2.14
2024-1022,ADM-1022,Mia Jones,mia.jones112@atelier.edu,Mrs. Jones,+1-555-6155,Grade 12-A,Academic Atelier Academy,Standard Board,60.6,16.0,93.1,2.99
2024-1023,ADM-1023,Aiden Martinez,aiden.martinez113@atelier.edu,Mrs. Martinez,+1-555-5040,Grade 12-A,Academic Atelier Academy,Standard Board,87.2,17.1,84.8,3.3
2024-1024,ADM-1024,Jack Nguyen,jack.nguyen114@atelier.edu,Mrs. Nguyen,+1-555-4593,Grade 12-A,Academic Atelier Academy,Standard Board,99.9,5.9,69.6,2.67
2024-1025,ADM-1025,James Davis,james.davis115@atelier.edu,Mrs. Davis,+1-555-3621,Grade 12-A,Academic Atelier Academy,Standard Board,89.6,13.8,43.8,2.39
2024-1026,ADM-1026,Matthew Hill,matthew.hill116@atelier.edu,Mr. Hill,+1-555-9669,Grade 12-A,Academic Atelier Academy,Standard Board,62.6,17.5,96.5,3.1
2024-1027,ADM-1027,Lucas Wright,lucas.wright117@atelier.edu,Mr. Wright,+1-555-6573,Grade 12-A,Academic Atelier Academy,Standard Board,55.6,14.2,67.2,2.43
2024-1028,ADM-1028,Amelia Allen,amelia.allen118@atelier.edu,Mr. Allen,+1-555-9317,Grade 12-A,Academic Atelier Academy,Standard Board,95.6,26.4,57.9,3.26
2024-1029,ADM-1029,Elizabeth Hill,elizabeth.hill119@atelier.edu,Mrs. Hill,+1-555-7126,Grade 12-A,Academic Atelier Academy,Standard Board,88.1,17.1,86.7,3.2
2024-1030,ADM-1030,Sofia Smith,sofia.smith120@atelier.edu,Mr. Smith,+1-555-9005,Grade 12-A,Academic Atelier Academy,Standard Board,51.0,28.0,92.7,3.08
2024-1031,ADM-1031,Evelyn Thomas,evelyn.thomas121@atelier.edu,Mrs. Thomas,+1-555-2290,Grade 12-A,Academic Atelier Academy,Standard Board,54.3,15.6,44.2,2.41
2024-1032,ADM-1032,Avery Rodriguez,avery.rodriguez122@atelier.edu,Mrs. Rodriguez,+1-555-8787,Grade 12-A,Academic Atelier Academy,Standard Board,97.3,6.6,71.7,2.89
2024-1033,ADM-1033,Chloe Ramirez,chloe.ramirez123@atelier.edu,Mr. Ramirez,+1-555-9835,Grade 12-A,Academic Atelier Academy,Standard Board,87.8,21.3,82.8,3.37
2024-1034,ADM-1034,Jackson White,jackson.white124@atelier.edu,Mrs. White,+1-555-9479,Grade 12-A,Academic Atelier Academy,Standard Board,72.6,8.9,43.8,2.09
2024-1035,ADM-1035,Noah Nguyen,noah.nguyen125@atelier.edu,Mr. Nguyen,+1-555-4608,Grade 12-A,Academic Atelier Academy,Standard Board,50.4,21.8,43.5,2.27
2024-1036,ADM-1036,Elijah Williams,elijah.williams126@atelier.edu,Mr. Williams,+1-555-2160,Grade 12-A,Academic Atelier Academy,Standard Board,75.7,9.8,69.1,2.72
2024-1037,ADM-1037,Avery Rodriguez,avery.rodriguez127@atelier.edu,Mr. Rodriguez,+1-555-8744,Grade 12-A,Academic Atelier Academy,Standard Board,62.1,15.2,64.4,2.48
2024-1038,ADM-1038,Henry Miller,henry.miller128@atelier.edu,Mr. Miller,+1-555-6804,Grade 12-A,Academic Atelier Academy,Standard Board,71.2,15.1,83.7,3.06
2024-1039,ADM-1039,Henry Brown,henry.brown129@atelier.edu,Mrs. Brown,+1-555-6559,Grade 12-A,Academic Atelier Academy,Standard Board,90.0,5.1,51.5,2.42
2024-1040,ADM-1040,Avery Lewis,avery.lewis130@atelier.edu,Mrs. Lewis,+1-555-4006,Grade 12-A,Academic Atelier Academy,Standard Board,63.9,9.0,95.4,2.9
2024-1041,ADM-1041,Owen Scott,owen.scott131@atelier.edu,Mrs. Scott,+1-555-9856,Grade 12-A,Academic Atelier Academy,Standard Board,91.8,29.1,95.6,3.74
2024-1042,ADM-1042,Charlotte Hernandez,charlotte.hernandez132@atelier.edu,Mrs. Hernandez,+1-555-8886,Grade 12-A,Academic Atelier Academy,Standard Board,60.7,13.2,43.5,2.46
2024-1043,ADM-1043,Matthew Smith,matthew.smith133@atelier.edu,Mr. Smith,+1-555-5345,Grade 12-A,Academic Atelier Academy,Standard Board,96.3,24.0,57.1,3.15
2024-1044,ADM-1044,Ella Young,ella.young134@atelier.edu,Mrs. Young,+1-555-5861,Grade 12-A,Academic Atelier Academy,Standard Board,60.9,3.6,84.1,2.46
2024-1045,ADM-1045,James Lee,james.lee135@atelier.edu,Mrs. Lee,+1-555-8811,Grade 12-A,Academic Atelier Academy,Standard Board,75.1,25.9,49.4,2.93
2024-1046,ADM-1046,Elizabeth Garcia,elizabeth.garcia136@atelier.edu,Mr. Garcia,+1-555-2122,Grade 12-A,Academic Atelier Academy,Standard Board,79.8,20.9,54.1,2.68
2024-1047,ADM-1047,Lucas Torres,lucas.torres137@atelier.edu,Mrs. Torres,+1-555-1651,Grade 12-A,Academic Atelier Academy,Standard Board,81.0,13.7,75.0,2.99
2024-1048,ADM-1048,Sofia Lee,sofia.lee138@atelier.edu,Mr. Lee,+1-555-4346,Grade 12-A,Academic Atelier Academy,Standard Board,83.5,10.8,55.9,2.39
2024-1049,ADM-1049,Benjamin Martin,benjamin.martin139@atelier.edu,Mrs. Martin,+1-555-2188,Grade 12-A,Academic Atelier Academy,Standard Board,50.5,19.4,73.8,2.57
2024-1050,ADM-1050,Henry Jones,henry.jones140@atelier.edu,Mr. Jones,+1-555-9288,Grade 12-A,Academic Atelier Academy,Standard Board,63.3,28.1,92.9,3.43
2024-1051,ADM-1051,Charlotte White,charlotte.white141@atelier.edu,Mrs. White,+1-555-8179,Grade 12-A,Academic Atelier Academy,Standard Board,91.7,21.7,76.7,3.42
2024-1052,ADM-1052,Sofia Smith,sofia.smith142@atelier.edu,Mr. Smith,+1-555-5905,Grade 12-A,Academic Atelier Academy,Standard Board,96.6,4.9,92.7,3.2
2024-1053,ADM-1053,Amelia Davis,amelia.davis143@atelier.edu,Mr. Davis,+1-555-3546,Grade 12-A,Academic Atelier Academy,Standard Board,63.6,18.9,83.1,3.0
2024-1054,ADM-1054,Isabella Taylor,isabella.taylor144@atelier.edu,Mr. Taylor,+1-555-5114,Grade 12-A,Academic Atelier Academy,Standard Board,95.3,25.7,45.5,2.98
2024-1055,ADM-1055,Jack Moore,jack.moore145@atelier.edu,Mrs. Moore,+1-555-6464,Grade 12-A,Academic Atelier Academy,Standard Board,88.6,19.8,55.7,2.75
2024-1056,ADM-1056,Owen Scott,owen.scott146@atelier.edu,Mr. Scott,+1-555-1158,Grade 12-A,Academic Atelier Academy,Standard Board,55.6,28.5,81.5,3.06
2024-1057,ADM-1057,Theodore Wright,theodore.wright147@atelier.edu,Mrs. Wright,+1-555-7049,Grade 12-A,Academic Atelier Academy,Standard Board,79.1,6.1,47.6,2.27
2024-1058,ADM-1058,Evelyn White,evelyn.white148@atelier.edu,Mr. White,+1-555-1653,Grade 12-A,Academic Atelier Academy,Standard Board,94.9,7.9,55.0,2.8
2024-1059,ADM-1059,Henry Thompson,henry.thompson149@atelier.edu,Mr. Thompson,+1-555-7658,Grade 12-A,Academic Atelier Academy,Standard Board,98.7,23.0,95.5,3.77
2024-1060,ADM-1060,Charlotte Hernandez,charlotte.hernandez150@atelier.edu,Mr. Hernandez,+1-555-3900,Grade 12-A,Academic Atelier Academy,Standard Board,94.1,2.7,84.2,2.75
2024-1061,ADM-1061,Michael Clark,michael.clark151@atelier.edu,Mr. Clark,+1-555-5065,Grade 12-A,Academic Atelier Academy,Standard Board,63.3,24.0,46.5,2.64
2024-1062,ADM-1062,Oliver Walker,oliver.walker152@atelier.edu,Mrs. Walker,+1-555-8541,Grade 12-A,Academic Atelier Academy,Standard Board,67.5,25.0,92.3,3.31
2024-1063,ADM-1063,Sophia Johnson,sophia.johnson153@atelier.edu,Mr. Johnson,+1-555-7528,Grade 12-A,Academic Atelier Academy,Standard Board,66.4,26.2,98.0,3.38
2024-1064,ADM-1064,Mia Thompson,mia.thompson154@atelier.edu,Mr. Thompson,+1-555-7548,Grade 12-A,Academic Atelier Academy,Standard Board,84.0,25.6,59.9,3.16
2024-1065,ADM-1065,Noah Davis,noah.davis155@atelier.edu,Mr. Davis,+1-555-5279,Grade 12-A,Academic Atelier Academy,Standard Board,58.9,29.0,55.9,2.94
2024-1066,ADM-1066,Henry Hill,henry.hill156@atelier.edu,Mrs. Hill,+1-555-6139,Grade 12-A,Academic Atelier Academy,Standard Board,71.8,29.6,46.9,2.97
2024-1067,ADM-1067,Scarlett Gonzalez,scarlett.gonzalez157@atelier.edu,Mrs. Gonzalez,+1-555-8144,Grade 12-A,Academic Atelier Academy,Standard Board,50.1,27.9,72.3,2.83
2024-1068,ADM-1068,Ava White,ava.white158@atelier.edu,Mrs. White,+1-555-6409,Grade 12-A,Academic Atelier Academy,Standard Board,81.2,20.6,47.5,2.7
2024-1069,ADM-1069,Evelyn Allen,evelyn.allen159@atelier.edu,Mrs. Allen,+1-555-7691,Grade 12-A,Academic Atelier Academy,Standard Board,66.3,21.5,73.3,3.01
2024-1070,ADM-1070,Ava Clark,ava.clark160@atelier.edu,Mr. Clark,+1-555-7211,Grade 12-A,Academic Atelier Academy,Standard Board,83.9,27.3,76.9,3.51
2024-1071,ADM-1071,Evelyn Sanchez,evelyn.sanchez161@atelier.edu,Mr. Sanchez,+1-555-1006,Grade 12-A,Academic Atelier Academy,Standard Board,65.2,7.9,87.1,2.74
2024-1072,ADM-1072,Chloe Lee,chloe.lee162@atelier.edu,Mrs. Lee,+1-555-8244,Grade 12-A,Academic Atelier Academy,Standard Board,83.8,16.3,87.6,3.23
2024-1073,ADM-1073,Emma Garcia,emma.garcia163@atelier.edu,Mrs. Garcia,+1-555-6491,Grade 12-A,Academic Atelier Academy,Standard Board,54.7,28.7,54.1,2.6
2024-1074,ADM-1074,Evelyn Anderson,evelyn.anderson164@atelier.edu,Mr. Anderson,+1-555-3414,Grade 12-A,Academic Atelier Academy,Standard Board,51.2,8.9,68.5,2.24
2024-1075,ADM-1075,Elijah Robinson,elijah.robinson165@atelier.edu,Mrs. Robinson,+1-555-4185,Grade 12-A,Academic Atelier Academy,Standard Board,85.9,12.8,64.0,2.93
2024-1076,ADM-1076,Theodore Smith,theodore.smith166@atelier.edu,Mr. Smith,+1-555-2746,Grade 12-A,Academic Atelier Academy,Standard Board,88.9,8.1,88.2,3.27
2024-1077,ADM-1077,Sofia Robinson,sofia.robinson167@atelier.edu,Mrs. Robinson,+1-555-5082,Grade 12-A,Academic Atelier Academy,Standard Board,95.9,5.4,48.0,2.51
2024-1078,ADM-1078,Aiden King,aiden.king168@atelier.edu,Mr. King,+1-555-6198,Grade 12-A,Academic Atelier Academy,Standard Board,97.5,27.0,76.8,3.66
2024-1079,ADM-1079,Elizabeth Ramirez,elizabeth.ramirez169@atelier.edu,Mr. Ramirez,+1-555-9976,Grade 12-A,Academic Atelier Academy,Standard Board,72.3,6.5,91.7,2.96
2024-1080,ADM-1080,Owen Taylor,owen.taylor170@atelier.edu,Mr. Taylor,+1-555-5543,Grade 12-A,Academic Atelier Academy,Standard Board,88.3,16.6,77.6,3.09
2024-1081,ADM-1081,Mia Lewis,mia.lewis171@atelier.edu,Mrs. Lewis,+1-555-5681,Grade 12-A,Academic Atelier Academy,Standard Board,61.7,11.4,93.6,2.99
2024-1082,ADM-1082,William Rodriguez,william.rodriguez172@atelier.edu,Mrs. Rodriguez,+1-555-7275,Grade 12-A,Academic Atelier Academy,Standard Board,84.7,21.8,43.9,2.94
2024-1083,ADM-1083,Sebastian Perez,sebastian.perez173@atelier.edu,Mr. Perez,+1-555-7812,Grade 12-A,Academic Atelier Academy,Standard Board,53.1,25.3,63.4,2.76
2024-1084,ADM-1084,Grace Johnson,grace.johnson174@atelier.edu,Mr. Johnson,+1-555-7232,Grade 12-A,Academic Atelier Academy,Standard Board,73.8,28.4,57.9,3.2
2024-1085,ADM-1085,Matthew Clark,matthew.clark175@atelier.edu,Mr. Clark,+1-555-9947,Grade 12-A,Academic Atelier Academy,Standard Board,90.0,27.1,69.3,3.03
2024-1086,ADM-1086,Mia Ramirez,mia.ramirez176@atelier.edu,Mrs. Ramirez,+1-555-7371,Grade 12-A,Academic Atelier Academy,Standard Board,66.8,21.0,64.3,2.92
2024-1087,ADM-1087,Emma Robinson,emma.robinson177@atelier.edu,Mr. Robinson,+1-555-9751,Grade 12-A,Academic Atelier Academy,Standard Board,51.3,13.0,73.9,2.58
2024-1088,ADM-1088,Noah Garcia,noah.garcia178@atelier.edu,Mr. Garcia,+1-555-3223,Grade 12-A,Academic Atelier Academy,Standard Board,93.3,7.1,55.6,2.61
2024-1089,ADM-1089,Alexander Wilson,alexander.wilson179@atelier.edu,Mrs. Wilson,+1-555-6529,Grade 12-A,Academic Atelier Academy,Standard Board,88.1,12.6,85.1,3.18
2024-1090,ADM-1090,Sebastian Taylor,sebastian.taylor180@atelier.edu,Mr. Taylor,+1-555-8705,Grade 12-A,Academic Atelier Academy,Standard Board,51.0,17.1,100.0,2.83
2024-1091,ADM-1091,Daniel Anderson,daniel.anderson181@atelier.edu,Mr. Anderson,+1-555-1659,Grade 12-A,Academic Atelier Academy,Standard Board,87.7,28.6,52.0,3.07
2024-1092,ADM-1092,Noah Flores,noah.flores182@atelier.edu,Mrs. Flores,+1-555-3068,Grade 12-A,Academic Atelier Academy,Standard Board,73.7,5.2,96.9,3.02
2024-1093,ADM-1093,Aiden Taylor,aiden.taylor183@atelier.edu,Mr. Taylor,+1-555-3749,Grade 12-A,Academic Atelier Academy,Standard Board,80.3,29.0,83.1,3.66
2024-1094,ADM-1094,Emma Martin,emma.martin184@atelier.edu,Mrs. Martin,+1-555-1420,Grade 12-A,Academic Atelier Academy,Standard Board,96.4,18.1,94.5,3.49
2024-1095,ADM-1095,Matthew Sanchez,matthew.sanchez185@atelier.edu,Mr. Sanchez,+1-555-4249,Grade 12-A,Academic Atelier Academy,Standard Board,53.8,21.3,77.6,2.78
2024-1096,ADM-1096,Henry Martin,henry.martin186@atelier.edu,Mr. Martin,+1-555-2983,Grade 12-A,Academic Atelier Academy,Standard Board,89.8,17.8,42.5,2.63
2024-1097,ADM-1097,Avery Ramirez,avery.ramirez187@atelier.edu,Mr. Ramirez,+1-555-2129,Grade 12-A,Academic Atelier Academy,Standard Board,75.3,11.6,91.0,3.19
2024-1098,ADM-1098,Emily Miller,emily.miller188@atelier.edu,Mrs. Miller,+1-555-6934,Grade 12-A,Academic Atelier Academy,Standard Board,81.8,25.2,82.4,3.43
2024-1099,ADM-1099,Jack Lopez,jack.lopez189@atelier.edu,Mr. Lopez,+1-555-5425,Grade 12-A,Academic Atelier Academy,Standard Board,80.8,27.7,86.5,3.44
2024-1100,ADM-1100,Aiden Ramirez,aiden.ramirez190@atelier.edu,Mr. Ramirez,+1-555-5397,Grade 12-A,Academic Atelier Academy,Standard Board,66.1,8.9,96.1,3.03
2024-1101,ADM-1101,Mia Lewis,mia.lewis191@atelier.edu,Mrs. Lewis,+1-555-8613,Grade 12-A,Academic Atelier Academy,Standard Board,78.5,20.7,60.2,2.91
2024-1102,ADM-1102,Emily Lee,emily.lee192@atelier.edu,Mrs. Lee,+1-555-4475,Grade 12-A,Academic Atelier Academy,Standard Board,67.7,9.2,56.8,2.53
2024-1103,ADM-1103,Chloe Moore,chloe.moore193@atelier.edu,Mr. Moore,+1-555-9464,Grade 12-A,Academic Atelier Academy,Standard Board,97.4,4.4,83.2,2.95
2024-1104,ADM-1104,Emily Scott,emily.scott194@atelier.edu,Mr. Scott,+1-555-8800,Grade 12-A,Academic Atelier Academy,Standard Board,82.3,15.7,87.6,3.18
2024-1105,ADM-1105,William Jackson,william.jackson195@atelier.edu,Mrs. Jackson,+1-555-4986,Grade 12-A,Academic Atelier Academy,Standard Board,65.3,18.3,68.4,2.75
2024-1106,ADM-1106,Sofia Thompson,sofia.thompson196@atelier.edu,Mrs. Thompson,+1-555-6419,Grade 12-A,Academic Atelier Academy,Standard Board,67.6,14.7,58.4,2.4
2024-1107,ADM-1107,Sophia Davis,sophia.davis197@atelier.edu,Mr. Davis,+1-555-6169,Grade 12-A,Academic Atelier Academy,Standard Board,56.0,17.0,85.7,2.95
2024-1108,ADM-1108,Olivia Gonzalez,olivia.gonzalez198@atelier.edu,Mrs. Gonzalez,+1-555-8933,Grade 12-A,Academic Atelier Academy,Standard Board,63.8,18.5,85.6,3.07
2024-1109,ADM-1109,Chloe Jackson,chloe.jackson199@atelier.edu,Mr. Jackson,+1-555-4180,Grade 12-A,Academic Atelier Academy,Standard Board,64.8,12.1,58.1,2.47
2024-1110,ADM-1110,Avery Rodriguez,avery.rodriguez200@atelier.edu,Mrs. Rodriguez,+1-555-1893,Grade 12-A,Academic Atelier Academy,Standard Board,77.7,21.5,47.6,2.69
2024-1111,ADM-1111,Emily Miller,emily.miller201@atelier.edu,Mr. Miller,+1-555-5658,Grade 12-A,Academic Atelier Academy,Standard Board,73.5,14.3,51.1,2.36
2024-1112,ADM-1112,James Taylor,james.taylor202@atelier.edu,Mr. Taylor,+1-555-8827,Grade 12-A,Academic Atelier Academy,Standard Board,55.7,3.8,69.5,2.26
2024-1113,ADM-1113,Scarlett Brown,scarlett.brown203@atelier.edu,Mrs. Brown,+1-555-5978,Grade 12-A,Academic Atelier Academy,Standard Board,54.3,8.9,73.5,2.45
2024-1114,ADM-1114,Sebastian Hill,sebastian.hill204@atelier.edu,Mr. Hill,+1-555-4697,Grade 12-A,Academic Atelier Academy,Standard Board,88.8,12.7,94.5,3.23
2024-1115,ADM-1115,Evelyn Nguyen,evelyn.nguyen205@atelier.edu,Mr. Nguyen,+1-555-6003,Grade 12-A,Academic Atelier Academy,Standard Board,78.4,3.7,97.6,2.98
2024-1116,ADM-1116,Henry Wilson,henry.wilson206@atelier.edu,Mr. Wilson,+1-555-5335,Grade 12-A,Academic Atelier Academy,Standard Board,83.0,6.4,50.4,2.47
2024-1117,ADM-1117,Elijah Hernandez,elijah.hernandez207@atelier.edu,Mrs. Hernandez,+1-555-8381,Grade 12-A,Academic Atelier Academy,Standard Board,84.5,15.2,42.0,2.78
2024-1118,ADM-1118,Harper Jackson,harper.jackson208@atelier.edu,Mr. Jackson,+1-555-8438,Grade 12-A,Academic Atelier Academy,Standard Board,53.6,8.5,55.9,2.23
2024-1119,ADM-1119,Grace Gonzalez,grace.gonzalez209@atelier.edu,Mrs. Gonzalez,+1-555-9922,Grade 12-A,Academic Atelier Academy,Standard Board,61.2,6.2,55.9,2.27
2024-1120,ADM-1120,Theodore Jones,theodore.jones210@atelier.edu,Mrs. Jones,+1-555-6039,Grade 12-A,Academic Atelier Academy,Standard Board,79.8,25.1,95.3,3.55
2024-1121,ADM-1121,Owen Davis,owen.davis211@atelier.edu,Mrs. Davis,+1-555-5982,Grade 12-A,Academic Atelier Academy,Standard Board,85.0,28.4,70.0,3.1
2024-1122,ADM-1122,Emily Lewis,emily.lewis212@atelier.edu,Mrs. Lewis,+1-555-1653,Grade 12-A,Academic Atelier Academy,Standard Board,94.5,22.6,76.2,3.38
2024-1123,ADM-1123,Noah Garcia,noah.garcia213@atelier.edu,Mrs. Garcia,+1-555-1339,Grade 12-A,Academic Atelier Academy,Standard Board,100.0,20.8,56.2,3.1
2024-1124,ADM-1124,Oliver Lopez,oliver.lopez214@atelier.edu,Mrs. Lopez,+1-555-8245,Grade 12-A,Academic Atelier Academy,Standard Board,95.8,7.1,75.1,3.26
2024-1125,ADM-1125,Emily Garcia,emily.garcia215@atelier.edu,Mrs. Garcia,+1-555-7690,Grade 12-A,Academic Atelier Academy,Standard Board,66.7,20.8,91.5,3.2
2024-1126,ADM-1126,Michael Clark,michael.clark216@atelier.edu,Mr. Clark,+1-555-5722,Grade 12-A,Academic Atelier Academy,Standard Board,83.1,13.2,85.6,3.17
2024-1127,ADM-1127,Oliver Robinson,oliver.robinson217@atelier.edu,Mrs. Robinson,+1-555-5135,Grade 12-A,Academic Atelier Academy,Standard Board,66.2,29.2,64.3,3.03
2024-1128,ADM-1128,Elizabeth Smith,elizabeth.smith218@atelier.edu,Mr. Smith,+1-555-9889,Grade 12-A,Academic Atelier Academy,Standard Board,73.1,3.5,71.1,2.4
2024-1129,ADM-1129,Victoria Young,victoria.young219@atelier.edu,Mr. Young,+1-555-1845,Grade 12-A,Academic Atelier Academy,Standard Board,60.2,17.4,95.7,3.26
2024-1130,ADM-1130,Owen Young,owen.young220@atelier.edu,Mrs. Young,+1-555-4920,Grade 12-A,Academic Atelier Academy,Standard Board,85.5,10.7,40.8,2.51
2024-1131,ADM-1131,Sebastian Garcia,sebastian.garcia221@atelier.edu,Mrs. Garcia,+1-555-2858,Grade 12-A,Academic Atelier Academy,Standard Board,73.1,5.3,89.9,2.96
2024-1132,ADM-1132,Emily Jackson,emily.jackson222@atelier.edu,Mr. Jackson,+1-555-5479,Grade 12-A,Academic Atelier Academy,Standard Board,70.8,15.5,68.3,2.68
2024-1133,ADM-1133,Aiden Scott,aiden.scott223@atelier.edu,Mrs. Scott,+1-555-4122,Grade 12-A,Academic Atelier Academy,Standard Board,96.1,16.2,92.8,3.65
2024-1134,ADM-1134,Elijah Moore,elijah.moore224@atelier.edu,Mr. Moore,+1-555-7798,Grade 12-A,Academic Atelier Academy,Standard Board,67.0,24.1,56.0,2.62
2024-1135,ADM-1135,Liam Jackson,liam.jackson225@atelier.edu,Mr. Jackson,+1-555-9022,Grade 12-A,Academic Atelier Academy,Standard Board,93.3,14.5,69.1,3.11
2024-1136,ADM-1136,Michael Scott,michael.scott226@atelier.edu,Mr. Scott,+1-555-7180,Grade 12-A,Academic Atelier Academy,Standard Board,72.8,11.0,51.3,2.7
2024-1137,ADM-1137,Charlotte Torres,charlotte.torres227@atelier.edu,Mrs. Torres,+1-555-7730,Grade 12-A,Academic Atelier Academy,Standard Board,52.2,22.9,82.3,2.85
2024-1138,ADM-1138,Matthew Harris,matthew.harris228@atelier.edu,Mr. Harris,+1-555-3492,Grade 12-A,Academic Atelier Academy,Standard Board,74.8,3.0,70.1,2.46
2024-1139,ADM-1139,Grace Perez,grace.perez229@atelier.edu,Mr. Perez,+1-555-8213,Grade 12-A,Academic Atelier Academy,Standard Board,55.0,27.5,40.9,2.52
2024-1140,ADM-1140,Theodore Clark,theodore.clark230@atelier.edu,Mr. Clark,+1-555-3529,Grade 12-A,Academic Atelier Academy,Standard Board,53.7,23.9,55.9,2.56
2024-1141,ADM-1141,Victoria Sanchez,victoria.sanchez231@atelier.edu,Mr. Sanchez,+1-555-6383,Grade 12-A,Academic Atelier Academy,Standard Board,92.6,26.1,62.8,3.06
2024-1142,ADM-1142,Alexander Young,alexander.young232@atelier.edu,Mr. Young,+1-555-1588,Grade 12-A,Academic Atelier Academy,Standard Board,80.9,8.6,81.1,2.92
2024-1143,ADM-1143,Harper Anderson,harper.anderson233@atelier.edu,Mr. Anderson,+1-555-8110,Grade 12-A,Academic Atelier Academy,Standard Board,98.9,23.3,82.2,3.41
2024-1144,ADM-1144,Henry Lewis,henry.lewis234@atelier.edu,Mrs. Lewis,+1-555-5906,Grade 12-A,Academic Atelier Academy,Standard Board,95.2,3.3,87.8,3.1
2024-1145,ADM-1145,Harper Thompson,harper.thompson235@atelier.edu,Mrs. Thompson,+1-555-3385,Grade 12-A,Academic Atelier Academy,Standard Board,62.2,13.5,80.9,2.71
2024-1146,ADM-1146,Olivia Hernandez,olivia.hernandez236@atelier.edu,Mrs. Hernandez,+1-555-7267,Grade 12-A,Academic Atelier Academy,Standard Board,81.0,8.7,94.8,3.31
2024-1147,ADM-1147,Theodore Anderson,theodore.anderson237@atelier.edu,Mrs. Anderson,+1-555-5161,Grade 12-A,Academic Atelier Academy,Standard Board,73.0,20.7,93.9,3.24
2024-1148,ADM-1148,Aiden Jackson,aiden.jackson238@atelier.edu,Mr. Jackson,+1-555-3588,Grade 12-A,Academic Atelier Academy,Standard Board,53.7,28.5,99.3,3.36
2024-1149,ADM-1149,Evelyn Ramirez,evelyn.ramirez239@atelier.edu,Mr. Ramirez,+1-555-8484,Grade 12-A,Academic Atelier Academy,Standard Board,92.3,7.6,63.1,2.85
2024-1150,ADM-1150,Abigail Miller,abigail.miller240@atelier.edu,Mrs. Miller,+1-555-6881,Grade 12-A,Academic Atelier Academy,Standard Board,78.7,29.8,57.7,2.96
2024-1151,ADM-1151,Jackson Moore,jackson.moore241@atelier.edu,Mrs. Moore,+1-555-1803,Grade 12-A,Academic Atelier Academy,Standard Board,95.5,22.9,90.0,3.63
2024-1152,ADM-1152,Harper Anderson,harper.anderson242@atelier.edu,Mr. Anderson,+1-555-6772,Grade 12-A,Academic Atelier Academy,Standard Board,61.0,7.3,55.0,2.41
2024-1153,ADM-1153,Benjamin Miller,benjamin.miller243@atelier.edu,Mr. Miller,+1-555-1645,Grade 12-A,Academic Atelier Academy,Standard Board,65.4,14.3,74.8,2.6
2024-1154,ADM-1154,Benjamin Garcia,benjamin.garcia244@atelier.edu,Mr. Garcia,+1-555-6352,Grade 12-A,Academic Atelier Academy,Standard Board,87.4,6.9,47.9,2.47
2024-1155,ADM-1155,Avery White,avery.white245@atelier.edu,Mr. White,+1-555-5465,Grade 12-A,Academic Atelier Academy,Standard Board,91.5,9.2,89.5,3.22
2024-1156,ADM-1156,Abigail Jackson,abigail.jackson246@atelier.edu,Mr. Jackson,+1-555-6549,Grade 12-A,Academic Atelier Academy,Standard Board,90.2,15.1,44.5,2.75
2024-1157,ADM-1157,Sophia Sanchez,sophia.sanchez247@atelier.edu,Mr. Sanchez,+1-555-6992,Grade 12-A,Academic Atelier Academy,Standard Board,54.5,13.0,55.9,2.19
2024-1158,ADM-1158,Lucas Robinson,lucas.robinson248@atelier.edu,Mrs. Robinson,+1-555-5295,Grade 12-A,Academic Atelier Academy,Standard Board,79.2,25.0,96.4,3.4
2024-1159,ADM-1159,Henry Anderson,henry.anderson249@atelier.edu,Mrs. Anderson,+1-555-6374,Grade 12-A,Academic Atelier Academy,Standard Board,95.8,8.2,43.8,2.59
2024-1160,ADM-1160,Aiden Martin,aiden.martin250@atelier.edu,Mr. Martin,+1-555-2911,Grade 12-A,Academic Atelier Academy,Standard Board,57.0,28.5,58.3,2.85
2024-1161,ADM-1161,Emily Davis,emily.davis251@atelier.edu,Mrs. Davis,+1-555-9807,Grade 12-A,Academic Atelier Academy,Standard Board,56.8,14.7,80.2,2.81
2024-1162,ADM-1162,Avery Clark,avery.clark252@atelier.edu,Mr. Clark,+1-555-3531,Grade 12-A,Academic Atelier Academy,Standard Board,94.3,20.3,90.0,3.56
2024-1163,ADM-1163,Victoria Clark,victoria.clark253@atelier.edu,Mr. Clark,+1-555-5583,Grade 12-A,Academic Atelier Academy,Standard Board,51.6,12.4,66.6,2.37
2024-1164,ADM-1164,Charlotte White,charlotte.white254@atelier.edu,Mrs. White,+1-555-7018,Grade 12-A,Academic Atelier Academy,Standard Board,77.2,29.4,61.5,3.16
2024-1165,ADM-1165,Jackson Moore,jackson.moore255@atelier.edu,Mrs. Moore,+1-555-3001,Grade 12-A,Academic Atelier Academy,Standard Board,97.5,25.1,45.5,3.06
2024-1166,ADM-1166,Isabella Hill,isabella.hill256@atelier.edu,Mr. Hill,+1-555-1828,Grade 12-A,Academic Atelier Academy,Standard Board,89.3,8.8,47.6,2.43
2024-1167,ADM-1167,Scarlett Wilson,scarlett.wilson257@atelier.edu,Mrs. Wilson,+1-555-4394,Grade 12-A,Academic Atelier Academy,Standard Board,79.3,24.8,54.0,3.15
2024-1168,ADM-1168,Theodore Hill,theodore.hill258@atelier.edu,Mrs. Hill,+1-555-3370,Grade 12-A,Academic Atelier Academy,Standard Board,99.4,17.1,87.9,3.52
2024-1169,ADM-1169,Lucas Johnson,lucas.johnson259@atelier.edu,Mrs. Johnson,+1-555-6869,Grade 12-A,Academic Atelier Academy,Standard Board,89.5,8.7,59.4,2.55
2024-1170,ADM-1170,Olivia Taylor,olivia.taylor260@atelier.edu,Mrs. Taylor,+1-555-7897,Grade 12-A,Academic Atelier Academy,Standard Board,76.3,22.9,68.6,3.13
2024-1171,ADM-1171,Ethan Allen,ethan.allen261@atelier.edu,Mr. Allen,+1-555-8405,Grade 12-A,Academic Atelier Academy,Standard Board,75.2,28.5,42.6,2.68
2024-1172,ADM-1172,Sofia Martin,sofia.martin262@atelier.edu,Mrs. Martin,+1-555-1510,Grade 12-A,Academic Atelier Academy,Standard Board,53.0,15.4,64.1,2.6
2024-1173,ADM-1173,Henry Young,henry.young263@atelier.edu,Mr. Young,+1-555-8267,Grade 12-A,Academic Atelier Academy,Standard Board,53.7,4.3,76.5,2.55
2024-1174,ADM-1174,Elijah Rodriguez,elijah.rodriguez264@atelier.edu,Mrs. Rodriguez,+1-555-9984,Grade 12-A,Academic Atelier Academy,Standard Board,85.6,12.7,75.8,2.9
2024-1175,ADM-1175,Harper Robinson,harper.robinson265@atelier.edu,Mr. Robinson,+1-555-8048,Grade 12-A,Academic Atelier Academy,Standard Board,55.0,21.6,91.2,3.22
2024-1176,ADM-1176,Ella Wilson,ella.wilson266@atelier.edu,Mrs. Wilson,+1-555-4743,Grade 12-A,Academic Atelier Academy,Standard Board,70.7,25.2,63.9,3.03
2024-1177,ADM-1177,Henry Lee,henry.lee267@atelier.edu,Mrs. Lee,+1-555-5176,Grade 12-A,Academic Atelier Academy,Standard Board,68.7,6.3,95.4,3.02
2024-1178,ADM-1178,Elijah Garcia,elijah.garcia268@atelier.edu,Mr. Garcia,+1-555-2527,Grade 12-A,Academic Atelier Academy,Standard Board,71.6,22.8,62.4,3.13
2024-1179,ADM-1179,Benjamin Scott,benjamin.scott269@atelier.edu,Mrs. Scott,+1-555-6400,Grade 12-A,Academic Atelier Academy,Standard Board,83.5,13.5,92.4,3.22
2024-1180,ADM-1180,Jack Brown,jack.brown270@atelier.edu,Mr. Brown,+1-555-6119,Grade 12-A,Academic Atelier Academy,Standard Board,67.6,18.2,52.8,2.5
2024-1181,ADM-1181,Abigail Anderson,abigail.anderson271@atelier.edu,Mr. Anderson,+1-555-6736,Grade 12-A,Academic Atelier Academy,Standard Board,92.3,12.3,85.8,3.12
2024-1182,ADM-1182,Scarlett Anderson,scarlett.anderson272@atelier.edu,Mr. Anderson,+1-555-1430,Grade 12-A,Academic Atelier Academy,Standard Board,80.4,20.4,81.6,3.13
2024-1183,ADM-1183,Noah Lopez,noah.lopez273@atelier.edu,Mrs. Lopez,+1-555-6062,Grade 12-A,Academic Atelier Academy,Standard Board,96.1,11.8,50.9,2.72
2024-1184,ADM-1184,Theodore Torres,theodore.torres274@atelier.edu,Mr. Torres,+1-555-2140,Grade 12-A,Academic Atelier Academy,Standard Board,57.1,19.7,41.8,2.38
2024-1185,ADM-1185,Sofia Wilson,sofia.wilson275@atelier.edu,Mrs. Wilson,+1-555-8432,Grade 12-A,Academic Atelier Academy,Standard Board,67.0,12.4,83.3,2.92
2024-1186,ADM-1186,Scarlett Hill,scarlett.hill276@atelier.edu,Mrs. Hill,+1-555-1861,Grade 12-A,Academic Atelier Academy,Standard Board,57.8,23.1,43.0,2.55
2024-1187,ADM-1187,William Moore,william.moore277@atelier.edu,Mrs. Moore,+1-555-7947,Grade 12-A,Academic Atelier Academy,Standard Board,74.3,14.4,56.4,2.62
2024-1188,ADM-1188,Elizabeth Davis,elizabeth.davis278@atelier.edu,Mrs. Davis,+1-555-2816,Grade 12-A,Academic Atelier Academy,Standard Board,64.2,21.0,69.2,3.04
2024-1189,ADM-1189,Evelyn Williams,evelyn.williams279@atelier.edu,Mrs. Williams,+1-555-1897,Grade 12-A,Academic Atelier Academy,Standard Board,50.4,10.4,52.7,2.14
2024-1190,ADM-1190,Benjamin Taylor,benjamin.taylor280@atelier.edu,Mrs. Taylor,+1-555-2965,Grade 12-A,Academic Atelier Academy,Standard Board,50.4,22.9,50.5,2.8
2024-1191,ADM-1191,Matthew Wright,matthew.wright281@atelier.edu,Mr. Wright,+1-555-9196,Grade 12-A,Academic Atelier Academy,Standard Board,77.9,20.7,61.3,2.98
2024-1192,ADM-1192,Jackson Williams,jackson.williams282@atelier.edu,Mrs. Williams,+1-555-8532,Grade 12-A,Academic Atelier Academy,Standard Board,96.1,26.1,74.5,3.36
2024-1193,ADM-1193,Scarlett Sanchez,scarlett.sanchez283@atelier.edu,Mr. Sanchez,+1-555-7843,Grade 12-A,Academic Atelier Academy,Standard Board,64.5,13.3,98.0,2.97
2024-1194,ADM-1194,Emma Flores,emma.flores284@atelier.edu,Mrs. Flores,+1-555-6928,Grade 12-A,Academic Atelier Academy,Standard Board,54.4,25.6,54.6,2.71
2024-1195,ADM-1195,Grace Sanchez,grace.sanchez285@atelier.edu,Mr. Sanchez,+1-555-7484,Grade 12-A,Academic Atelier Academy,Standard Board,93.5,22.9,53.3,3.01
2024-1196,ADM-1196,Emma Jones,emma.jones286@atelier.edu,Mr. Jones,+1-555-2868,Grade 12-A,Academic Atelier Academy,Standard Board,76.5,7.4,86.6,3.0
2024-1197,ADM-1197,Daniel Martinez,daniel.martinez287@atelier.edu,Mrs. Martinez,+1-555-3399,Grade 12-A,Academic Atelier Academy,Standard Board,62.8,6.9,49.2,2.23
2024-1198,ADM-1198,Elijah Lopez,elijah.lopez288@atelier.edu,Mr. Lopez,+1-555-9095,Grade 12-A,Academic Atelier Academy,Standard Board,73.2,17.8,74.8,2.97
2024-1199,ADM-1199,Scarlett Flores,scarlett.flores289@atelier.edu,Mrs. Flores,+1-555-6179,Grade 12-A,Academic Atelier Academy,Standard Board,57.5,3.9,66.5,2.19
2024-1200,ADM-1200,Evelyn Moore,evelyn.moore290@atelier.edu,Mr. Moore,+1-555-6766,Grade 12-A,Academic Atelier Academy,Standard Board,75.4,10.7,67.1,2.51
2024-1201,ADM-1201,James White,james.white291@atelier.edu,Mr. White,+1-555-2257,Grade 12-A,Academic Atelier Academy,Standard Board,82.2,29.4,45.4,2.9
2024-1202,ADM-1202,Chloe Allen,chloe.allen292@atelier.edu,Mrs. Allen,+1-555-1672,Grade 12-A,Academic Atelier Academy,Standard Board,72.5,24.7,79.1,3.32
2024-1203,ADM-1203,Alexander Hill,alexander.hill293@atelier.edu,Mrs. Hill,+1-555-3471,Grade 12-A,Academic Atelier Academy,Standard Board,97.9,14.6,88.7,3.42
2024-1204,ADM-1204,Michael Garcia,michael.garcia294@atelier.edu,Mr. Garcia,+1-555-3827,Grade 12-A,Academic Atelier Academy,Standard Board,52.0,21.8,99.5,3.05
2024-1205,ADM-1205,Sofia King,sofia.king295@atelier.edu,Mr. King,+1-555-6962,Grade 12-A,Academic Atelier Academy,Standard Board,68.6,9.9,64.5,2.58
2024-1206,ADM-1206,Michael Hill,michael.hill296@atelier.edu,Mrs. Hill,+1-555-6482,Grade 12-A,Academic Atelier Academy,Standard Board,53.3,4.6,80.7,2.52
2024-1207,ADM-1207,Harper Taylor,harper.taylor297@atelier.edu,Mr. Taylor,+1-555-3463,Grade 12-A,Academic Atelier Academy,Standard Board,66.7,18.3,48.5,2.41
2024-1208,ADM-1208,Daniel Martin,daniel.martin298@atelier.edu,Mr. Martin,+1-555-7421,Grade 12-A,Academic Atelier Academy,Standard Board,56.4,21.8,45.1,2.45
2024-1209,ADM-1209,Ella Harris,ella.harris299@atelier.edu,Mr. Harris,+1-555-6381,Grade 12-A,Academic Atelier Academy,Standard Board,90.7,20.8,89.7,3.5
2024-1210,ADM-1210,Sofia Garcia,sofia.garcia300@atelier.edu,Mr. Garcia,+1-555-7937,Grade 12-A,Academic Atelier Academy,Standard Board,75.4,2.5,58.5,2.21
2024-1211,ADM-1211,Isabella Perez,isabella.perez301@atelier.edu,Mr. Perez,+1-555-8967,Grade 12-A,Academic Atelier Academy,Standard Board,59.6,30.0,49.3,2.8
2024-1212,ADM-1212,Harper Miller,harper.miller302@atelier.edu,Mr. Miller,+1-555-9843,Grade 12-A,Academic Atelier Academy,Standard Board,91.8,26.7,42.3,3.02
2024-1213,ADM-1213,Michael Flores,michael.flores303@atelier.edu,Mrs. Flores,+1-555-7172,Grade 12-A,Academic Atelier Academy,Standard Board,57.7,7.1,81.6,2.74
2024-1214,ADM-1214,Victoria Hernandez,victoria.hernandez304@atelier.edu,Mr. Hernandez,+1-555-1715,Grade 12-A,Academic Atelier Academy,Standard Board,70.5,20.9,54.3,2.84
2024-1215,ADM-1215,Owen Flores,owen.flores305@atelier.edu,Mrs. Flores,+1-555-8355,Grade 12-A,Academic Atelier Academy,Standard Board,61.7,8.7,97.9,2.78
2024-1216,ADM-1216,Abigail Gonzalez,abigail.gonzalez306@atelier.edu,Mrs. Gonzalez,+1-555-8218,Grade 12-A,Academic Atelier Academy,Standard Board,73.1,9.9,62.9,2.47
2024-1217,ADM-1217,Sofia Clark,sofia.clark307@atelier.edu,Mr. Clark,+1-555-4271,Grade 12-A,Academic Atelier Academy,Standard Board,90.1,5.9,55.0,2.63
2024-1218,ADM-1218,Abigail White,abigail.white308@atelier.edu,Mr. White,+1-555-2680,Grade 12-A,Academic Atelier Academy,Standard Board,85.6,16.4,47.5,2.74
2024-1219,ADM-1219,William Hernandez,william.hernandez309@atelier.edu,Mrs. Hernandez,+1-555-9410,Grade 12-A,Academic Atelier Academy,Standard Board,57.4,14.2,96.8,3.08
2024-1220,ADM-1220,Sophia Lewis,sophia.lewis310@atelier.edu,Mr. Lewis,+1-555-1436,Grade 12-A,Academic Atelier Academy,Standard Board,70.7,13.1,62.4,3.1
2024-1221,ADM-1221,Matthew Garcia,matthew.garcia311@atelier.edu,Mrs. Garcia,+1-555-1461,Grade 12-A,Academic Atelier Academy,Standard Board,65.9,4.8,82.9,2.73
2024-1222,ADM-1222,Michael Martinez,michael.martinez312@atelier.edu,Mrs. Martinez,+1-555-5700,Grade 12-A,Academic Atelier Academy,Standard Board,95.9,15.2,89.9,3.54
2024-1223,ADM-1223,Abigail Lewis,abigail.lewis313@atelier.edu,Mr. Lewis,+1-555-2298,Grade 12-A,Academic Atelier Academy,Standard Board,51.0,8.0,49.0,2.17
2024-1224,ADM-1224,Chloe King,chloe.king314@atelier.edu,Mrs. King,+1-555-5720,Grade 12-A,Academic Atelier Academy,Standard Board,61.9,5.4,54.3,2.28
2024-1225,ADM-1225,Victoria Robinson,victoria.robinson315@atelier.edu,Mrs. Robinson,+1-555-9189,Grade 12-A,Academic Atelier Academy,Standard Board,79.8,2.5,70.9,2.55
2024-1226,ADM-1226,Charlotte Martinez,charlotte.martinez316@atelier.edu,Mrs. Martinez,+1-555-1025,Grade 12-A,Academic Atelier Academy,Standard Board,80.7,8.7,65.0,2.77
2024-1227,ADM-1227,William King,william.king317@atelier.edu,Mr. King,+1-555-2108,Grade 12-A,Academic Atelier Academy,Standard Board,97.7,17.2,87.2,3.35
2024-1228,ADM-1228,Elizabeth Scott,elizabeth.scott318@atelier.edu,Mrs. Scott,+1-555-8702,Grade 12-A,Academic Atelier Academy,Standard Board,52.2,12.8,62.4,2.38
2024-1229,ADM-1229,Noah Thompson,noah.thompson319@atelier.edu,Mr. Thompson,+1-555-6649,Grade 12-A,Academic Atelier Academy,Standard Board,62.1,20.4,46.2,2.42
2024-1230,ADM-1230,Grace Perez,grace.perez320@atelier.edu,Mrs. Perez,+1-555-6772,Grade 12-A,Academic Atelier Academy,Standard Board,77.3,24.8,50.5,2.86
2024-1231,ADM-1231,Aiden Walker,aiden.walker321@atelier.edu,Mr. Walker,+1-555-3209,Grade 12-A,Academic Atelier Academy,Standard Board,53.2,23.7,67.5,3.06
2024-1232,ADM-1232,Harper Gonzalez,harper.gonzalez322@atelier.edu,Mrs. Gonzalez,+1-555-4268,Grade 12-A,Academic Atelier Academy,Standard Board,94.3,10.8,58.6,2.57
2024-1233,ADM-1233,Jackson Wright,jackson.wright323@atelier.edu,Mrs. Wright,+1-555-1599,Grade 12-A,Academic Atelier Academy,Standard Board,87.7,7.4,61.4,2.75
2024-1234,ADM-1234,James Perez,james.perez324@atelier.edu,Mrs. Perez,+1-555-7029,Grade 12-A,Academic Atelier Academy,Standard Board,71.8,13.2,66.4,2.52
2024-1235,ADM-1235,Matthew Perez,matthew.perez325@atelier.edu,Mr. Perez,+1-555-9129,Grade 12-A,Academic Atelier Academy,Standard Board,84.6,12.3,87.8,3.1
2024-1236,ADM-1236,Mia Garcia,mia.garcia326@atelier.edu,Mr. Garcia,+1-555-2293,Grade 12-A,Academic Atelier Academy,Standard Board,71.5,29.9,50.8,3.05
2024-1237,ADM-1237,Harper Lee,harper.lee327@atelier.edu,Mrs. Lee,+1-555-6372,Grade 12-A,Academic Atelier Academy,Standard Board,83.0,10.6,76.2,2.93
2024-1238,ADM-1238,Jack Hernandez,jack.hernandez328@atelier.edu,Mr. Hernandez,+1-555-6759,Grade 12-A,Academic Atelier Academy,Standard Board,72.4,22.4,94.7,3.26
2024-1239,ADM-1239,Victoria Ramirez,victoria.ramirez329@atelier.edu,Mrs. Ramirez,+1-555-1939,Grade 12-A,Academic Atelier Academy,Standard Board,53.8,19.9,61.8,2.52
2024-1240,ADM-1240,Emma Johnson,emma.johnson330@atelier.edu,Mrs. Johnson,+1-555-8179,Grade 12-A,Academic Atelier Academy,Standard Board,51.7,3.9,86.7,2.61
2024-1241,ADM-1241,Ethan White,ethan.white331@atelier.edu,Mrs. White,+1-555-1530,Grade 12-A,Academic Atelier Academy,Standard Board,80.3,21.0,96.9,3.39
2024-1242,ADM-1242,Ethan Lewis,ethan.lewis332@atelier.edu,Mr. Lewis,+1-555-3255,Grade 12-A,Academic Atelier Academy,Standard Board,76.5,13.1,79.0,2.98
2024-1243,ADM-1243,Charlotte Davis,charlotte.davis333@atelier.edu,Mrs. Davis,+1-555-4048,Grade 12-A,Academic Atelier Academy,Standard Board,75.0,12.8,73.7,2.85
2024-1244,ADM-1244,Amelia Taylor,amelia.taylor334@atelier.edu,Mr. Taylor,+1-555-4515,Grade 12-A,Academic Atelier Academy,Standard Board,99.8,10.0,95.0,3.31
2024-1245,ADM-1245,Emily Gonzalez,emily.gonzalez335@atelier.edu,Mrs. Gonzalez,+1-555-2213,Grade 12-A,Academic Atelier Academy,Standard Board,72.6,27.2,66.7,3.35
2024-1246,ADM-1246,William Lee,william.lee336@atelier.edu,Mr. Lee,+1-555-2063,Grade 12-A,Academic Atelier Academy,Standard Board,77.5,10.1,58.0,2.65
2024-1247,ADM-1247,Emma Lopez,emma.lopez337@atelier.edu,Mr. Lopez,+1-555-9335,Grade 12-A,Academic Atelier Academy,Standard Board,61.2,29.6,87.5,3.09
2024-1248,ADM-1248,Charlotte Young,charlotte.young338@atelier.edu,Mrs. Young,+1-555-7044,Grade 12-A,Academic Atelier Academy,Standard Board,73.4,29.5,47.8,2.91
2024-1249,ADM-1249,William Jones,william.jones339@atelier.edu,Mrs. Jones,+1-555-8842,Grade 12-A,Academic Atelier Academy,Standard Board,76.3,23.5,89.4,3.3
2024-1250,ADM-1250,Elijah Rodriguez,elijah.rodriguez340@atelier.edu,Mr. Rodriguez,+1-555-2215,Grade 12-A,Academic Atelier Academy,Standard Board,72.5,21.0,60.7,2.94
2024-1251,ADM-1251,Ella Nguyen,ella.nguyen341@atelier.edu,Mrs. Nguyen,+1-555-3114,Grade 12-A,Academic Atelier Academy,Standard Board,71.6,27.5,43.3,2.65
2024-1252,ADM-1252,Lucas King,lucas.king342@atelier.edu,Mrs. King,+1-555-3697,Grade 12-A,Academic Atelier Academy,Standard Board,58.1,28.2,53.5,2.74
2024-1253,ADM-1253,Sofia Jackson,sofia.jackson343@atelier.edu,Mr. Jackson,+1-555-5105,Grade 12-A,Academic Atelier Academy,Standard Board,59.8,28.8,56.5,2.89
2024-1254,ADM-1254,Evelyn Flores,evelyn.flores344@atelier.edu,Mr. Flores,+1-555-9234,Grade 12-A,Academic Atelier Academy,Standard Board,82.0,18.6,74.8,3.21
2024-1255,ADM-1255,Emma Flores,emma.flores345@atelier.edu,Mr. Flores,+1-555-6531,Grade 12-A,Academic Atelier Academy,Standard Board,92.1,17.8,89.5,3.28
2024-1256,ADM-1256,Noah Garcia,noah.garcia346@atelier.edu,Mrs. Garcia,+1-555-5336,Grade 12-A,Academic Atelier Academy,Standard Board,82.6,23.5,65.0,3.05
2024-1257,ADM-1257,Noah Young,noah.young347@atelier.edu,Mr. Young,+1-555-9938,Grade 12-A,Academic Atelier Academy,Standard Board,64.5,28.8,69.0,3.02
2024-1258,ADM-1258,Jackson Martin,jackson.martin348@atelier.edu,Mrs. Martin,+1-555-1981,Grade 12-A,Academic Atelier Academy,Standard Board,57.9,13.6,67.9,2.5
2024-1259,ADM-1259,Michael Hill,michael.hill349@atelier.edu,Mrs. Hill,+1-555-6231,Grade 12-A,Academic Atelier Academy,Standard Board,86.7,26.1,98.5,3.93
2024-1260,ADM-1260,Benjamin White,benjamin.white350@atelier.edu,Mr. White,+1-555-2739,Grade 12-A,Academic Atelier Academy,Standard Board,66.0,15.1,56.0,2.58
2024-1261,ADM-1261,Charlotte Martinez,charlotte.martinez351@atelier.edu,Mrs. Martinez,+1-555-5754,Grade 12-A,Academic Atelier Academy,Standard Board,97.3,26.2,65.1,3.19
2024-1262,ADM-1262,Emma Lee,emma.lee352@atelier.edu,Mr. Lee,+1-555-6123,Grade 12-A,Academic Atelier Academy,Standard Board,59.5,6.5,99.8,2.99
2024-1263,ADM-1263,Aiden Young,aiden.young353@atelier.edu,Mr. Young,+1-555-9148,Grade 12-A,Academic Atelier Academy,Standard Board,51.2,28.5,70.3,3.18
2024-1264,ADM-1264,Charlotte Wilson,charlotte.wilson354@atelier.edu,Mr. Wilson,+1-555-1797,Grade 12-A,Academic Atelier Academy,Standard Board,52.5,15.9,92.9,3.07
2024-1265,ADM-1265,Abigail Jackson,abigail.jackson355@atelier.edu,Mr. Jackson,+1-555-2761,Grade 12-A,Academic Atelier Academy,Standard Board,71.5,26.7,83.7,3.14
2024-1266,ADM-1266,Jackson White,jackson.white356@atelier.edu,Mrs. White,+1-555-1838,Grade 12-A,Academic Atelier Academy,Standard Board,78.5,7.5,73.2,2.68
2024-1267,ADM-1267,Elijah Harris,elijah.harris357@atelier.edu,Mr. Harris,+1-555-5582,Grade 12-A,Academic Atelier Academy,Standard Board,91.3,19.5,76.7,3.42
2024-1268,ADM-1268,Benjamin Miller,benjamin.miller358@atelier.edu,Mrs. Miller,+1-555-6555,Grade 12-A,Academic Atelier Academy,Standard Board,77.9,12.2,48.7,2.41
2024-1269,ADM-1269,Chloe Allen,chloe.allen359@atelier.edu,Mrs. Allen,+1-555-1659,Grade 12-A,Academic Atelier Academy,Standard Board,52.3,5.8,60.0,2.24
2024-1270,ADM-1270,Abigail King,abigail.king360@atelier.edu,Mrs. King,+1-555-9446,Grade 12-A,Academic Atelier Academy,Standard Board,57.0,28.1,59.1,2.91
2024-1271,ADM-1271,Jackson Flores,jackson.flores361@atelier.edu,Mr. Flores,+1-555-5902,Grade 12-A,Academic Atelier Academy,Standard Board,79.7,16.2,70.6,2.84
2024-1272,ADM-1272,Emily Torres,emily.torres362@atelier.edu,Mrs. Torres,+1-555-1272,Grade 12-A,Academic Atelier Academy,Standard Board,68.4,20.9,98.8,3.35
2024-1273,ADM-1273,Grace Martin,grace.martin363@atelier.edu,Mr. Martin,+1-555-1436,Grade 12-A,Academic Atelier Academy,Standard Board,79.8,9.4,79.3,2.51
2024-1274,ADM-1274,Grace Torres,grace.torres364@atelier.edu,Mrs. Torres,+1-555-1841,Grade 12-A,Academic Atelier Academy,Standard Board,79.2,6.8,77.7,2.67
2024-1275,ADM-1275,Victoria Harris,victoria.harris365@atelier.edu,Mrs. Harris,+1-555-4968,Grade 12-A,Academic Atelier Academy,Standard Board,51.6,28.5,46.6,2.55
2024-1276,ADM-1276,Noah Lewis,noah.lewis366@atelier.edu,Mrs. Lewis,+1-555-3481,Grade 12-A,Academic Atelier Academy,Standard Board,70.6,7.7,70.1,2.45
2024-1277,ADM-1277,Victoria Walker,victoria.walker367@atelier.edu,Mr. Walker,+1-555-2020,Grade 12-A,Academic Atelier Academy,Standard Board,85.3,16.5,73.7,3.26
2024-1278,ADM-1278,Abigail King,abigail.king368@atelier.edu,Mrs. King,+1-555-3837,Grade 12-A,Academic Atelier Academy,Standard Board,73.0,16.9,72.8,2.75
2024-1279,ADM-1279,Amelia Flores,amelia.flores369@atelier.edu,Mrs. Flores,+1-555-5038,Grade 12-A,Academic Atelier Academy,Standard Board,64.0,10.4,96.5,2.94
2024-1280,ADM-1280,Evelyn Jackson,evelyn.jackson370@atelier.edu,Mr. Jackson,+1-555-9011,Grade 12-A,Academic Atelier Academy,Standard Board,65.9,11.8,96.0,3.06
2024-1281,ADM-1281,Mia Jackson,mia.jackson371@atelier.edu,Mrs. Jackson,+1-555-9899,Grade 12-A,Academic Atelier Academy,Standard Board,69.0,29.4,89.1,3.62
2024-1282,ADM-1282,Theodore Jackson,theodore.jackson372@atelier.edu,Mrs. Jackson,+1-555-2294,Grade 12-A,Academic Atelier Academy,Standard Board,67.3,14.4,55.4,2.35
2024-1283,ADM-1283,Abigail Wilson,abigail.wilson373@atelier.edu,Mrs. Wilson,+1-555-9824,Grade 12-A,Academic Atelier Academy,Standard Board,63.6,17.7,56.3,2.72
2024-1284,ADM-1284,Henry Flores,henry.flores374@atelier.edu,Mr. Flores,+1-555-4920,Grade 12-A,Academic Atelier Academy,Standard Board,62.1,20.8,71.9,2.88
2024-1285,ADM-1285,Sophia Brown,sophia.brown375@atelier.edu,Mrs. Brown,+1-555-6411,Grade 12-A,Academic Atelier Academy,Standard Board,85.9,4.8,86.2,2.83
2024-1286,ADM-1286,Liam Scott,liam.scott376@atelier.edu,Mr. Scott,+1-555-3587,Grade 12-A,Academic Atelier Academy,Standard Board,70.3,28.2,92.7,3.54
2024-1287,ADM-1287,Abigail Gonzalez,abigail.gonzalez377@atelier.edu,Mr. Gonzalez,+1-555-5706,Grade 12-A,Academic Atelier Academy,Standard Board,66.1,20.1,94.5,3.27
2024-1288,ADM-1288,William Torres,william.torres378@atelier.edu,Mrs. Torres,+1-555-1611,Grade 12-A,Academic Atelier Academy,Standard Board,95.7,6.9,92.9,3.15
2024-1289,ADM-1289,Olivia Williams,olivia.williams379@atelier.edu,Mr. Williams,+1-555-7504,Grade 12-A,Academic Atelier Academy,Standard Board,89.4,7.2,84.9,3.05
2024-1290,ADM-1290,Harper Williams,harper.williams380@atelier.edu,Mrs. Williams,+1-555-2758,Grade 12-A,Academic Atelier Academy,Standard Board,96.4,11.4,67.3,2.92
2024-1291,ADM-1291,Avery King,avery.king381@atelier.edu,Mrs. King,+1-555-3198,Grade 12-A,Academic Atelier Academy,Standard Board,92.6,15.1,51.6,2.8
2024-1292,ADM-1292,Lucas Perez,lucas.perez382@atelier.edu,Mrs. Perez,+1-555-8518,Grade 12-A,Academic Atelier Academy,Standard Board,82.4,22.1,40.8,2.77
2024-1293,ADM-1293,Michael Jackson,michael.jackson383@atelier.edu,Mr. Jackson,+1-555-4164,Grade 12-A,Academic Atelier Academy,Standard Board,58.8,26.0,93.8,3.5
2024-1294,ADM-1294,Jack Allen,jack.allen384@atelier.edu,Mrs. Allen,+1-555-7567,Grade 12-A,Academic Atelier Academy,Standard Board,83.5,7.2,48.4,2.27
2024-1295,ADM-1295,Alexander Thomas,alexander.thomas385@atelier.edu,Mrs. Thomas,+1-555-7284,Grade 12-A,Academic Atelier Academy,Standard Board,61.8,23.1,97.2,3.57
2024-1296,ADM-1296,Evelyn Nguyen,evelyn.nguyen386@atelier.edu,Mr. Nguyen,+1-555-1187,Grade 12-A,Academic Atelier Academy,Standard Board,63.1,12.1,54.2,2.16
2024-1297,ADM-1297,Lucas Robinson,lucas.robinson387@atelier.edu,Mrs. Robinson,+1-555-7642,Grade 12-A,Academic Atelier Academy,Standard Board,84.3,27.8,93.3,3.63
2024-1298,ADM-1298,Evelyn Davis,evelyn.davis388@atelier.edu,Mr. Davis,+1-555-5833,Grade 12-A,Academic Atelier Academy,Standard Board,68.4,8.2,97.4,3.07
2024-1299,ADM-1299,Abigail Martinez,abigail.martinez389@atelier.edu,Mrs. Martinez,+1-555-7121,Grade 12-A,Academic Atelier Academy,Standard Board,70.8,17.4,68.2,2.87
2024-1300,ADM-1300,Avery Wilson,avery.wilson390@atelier.edu,Mr. Wilson,+1-555-2341,Grade 12-A,Academic Atelier Academy,Standard Board,76.3,16.8,61.7,2.71
2024-1301,ADM-1301,Scarlett Davis,scarlett.davis391@atelier.edu,Mrs. Davis,+1-555-9972,Grade 12-A,Academic Atelier Academy,Standard Board,95.1,7.7,72.2,2.9
2024-1302,ADM-1302,Emma Lee,emma.lee392@atelier.edu,Mr. Lee,+1-555-8239,Grade 12-A,Academic Atelier Academy,Standard Board,55.8,7.8,75.0,2.44
2024-1303,ADM-1303,William Allen,william.allen393@atelier.edu,Mrs. Allen,+1-555-1911,Grade 12-A,Academic Atelier Academy,Standard Board,72.7,16.4,67.4,2.75
2024-1304,ADM-1304,James Scott,james.scott394@atelier.edu,Mrs. Scott,+1-555-6049,Grade 12-A,Academic Atelier Academy,Standard Board,86.2,13.1,89.0,3.32
2024-1305,ADM-1305,Isabella Nguyen,isabella.nguyen395@atelier.edu,Mrs. Nguyen,+1-555-7941,Grade 12-A,Academic Atelier Academy,Standard Board,67.2,3.8,99.6,2.94
2024-1306,ADM-1306,Elijah Walker,elijah.walker396@atelier.edu,Mrs. Walker,+1-555-7698,Grade 12-A,Academic Atelier Academy,Standard Board,59.0,5.8,78.5,2.46
2024-1307,ADM-1307,Sebastian White,sebastian.white397@atelier.edu,Mr. White,+1-555-7266,Grade 12-A,Academic Atelier Academy,Standard Board,72.4,27.7,62.6,3.15
2024-1308,ADM-1308,William Wright,william.wright398@atelier.edu,Mrs. Wright,+1-555-6697,Grade 12-A,Academic Atelier Academy,Standard Board,55.9,29.8,63.6,2.96
2024-1309,ADM-1309,Benjamin Anderson,benjamin.anderson399@atelier.edu,Mr. Anderson,+1-555-1372,Grade 12-A,Academic Atelier Academy,Standard Board,98.9,15.0,83.1,3.43
2024-1310,ADM-1310,Jack Wright,jack.wright400@atelier.edu,Mrs. Wright,+1-555-4762,Grade 12-A,Academic Atelier Academy,Standard Board,62.4,11.7,56.5,2.48
2024-1311,ADM-1311,Lucas Williams,lucas.williams401@atelier.edu,Mr. Williams,+1-555-7868,Grade 12-A,Academic Atelier Academy,Standard Board,80.7,28.2,93.3,3.52
2024-1312,ADM-1312,Charlotte Wilson,charlotte.wilson402@atelier.edu,Mrs. Wilson,+1-555-1550,Grade 12-A,Academic Atelier Academy,Standard Board,72.3,20.8,92.3,3.24
2024-1313,ADM-1313,Charlotte Williams,charlotte.williams403@atelier.edu,Mrs. Williams,+1-555-4839,Grade 12-A,Academic Atelier Academy,Standard Board,77.0,23.1,86.6,3.43
2024-1314,ADM-1314,Benjamin Allen,benjamin.allen404@atelier.edu,Mr. Allen,+1-555-4836,Grade 12-A,Academic Atelier Academy,Standard Board,90.8,22.5,59.1,3.15
2024-1315,ADM-1315,Chloe Lee,chloe.lee405@atelier.edu,Mrs. Lee,+1-555-3347,Grade 12-A,Academic Atelier Academy,Standard Board,99.3,16.6,64.8,3.1
2024-1316,ADM-1316,Mia Brown,mia.brown406@atelier.edu,Mr. Brown,+1-555-3869,Grade 12-A,Academic Atelier Academy,Standard Board,81.3,14.0,69.7,2.91
2024-1317,ADM-1317,Daniel Harris,daniel.harris407@atelier.edu,Mr. Harris,+1-555-6222,Grade 12-A,Academic Atelier Academy,Standard Board,84.8,13.4,58.0,2.9
2024-1318,ADM-1318,Olivia Wright,olivia.wright408@atelier.edu,Mrs. Wright,+1-555-4692,Grade 12-A,Academic Atelier Academy,Standard Board,65.0,21.8,88.3,3.11
2024-1319,ADM-1319,James Scott,james.scott409@atelier.edu,Mrs. Scott,+1-555-7824,Grade 12-A,Academic Atelier Academy,Standard Board,77.9,5.8,54.6,2.47
2024-1320,ADM-1320,Isabella Perez,isabella.perez410@atelier.edu,Mr. Perez,+1-555-8369,Grade 12-A,Academic Atelier Academy,Standard Board,92.4,4.6,83.5,2.96
2024-1321,ADM-1321,Ava Brown,ava.brown411@atelier.edu,Mrs. Brown,+1-555-1647,Grade 12-A,Academic Atelier Academy,Standard Board,93.7,7.3,85.7,3.08
2024-1322,ADM-1322,Ella Wilson,ella.wilson412@atelier.edu,Mrs. Wilson,+1-555-6455,Grade 12-A,Academic Atelier Academy,Standard Board,65.2,27.5,52.7,2.94
2024-1323,ADM-1323,Ava Davis,ava.davis413@atelier.edu,Mr. Davis,+1-555-8846,Grade 12-A,Academic Atelier Academy,Standard Board,95.7,21.5,82.2,3.55
2024-1324,ADM-1324,Jackson Thomas,jackson.thomas414@atelier.edu,Mr. Thomas,+1-555-5637,Grade 12-A,Academic Atelier Academy,Standard Board,69.0,16.9,61.6,2.8
2024-1325,ADM-1325,Amelia White,amelia.white415@atelier.edu,Mr. White,+1-555-9147,Grade 12-A,Academic Atelier Academy,Standard Board,73.3,24.5,83.3,3.44
2024-1326,ADM-1326,Alexander Wilson,alexander.wilson416@atelier.edu,Mrs. Wilson,+1-555-7781,Grade 12-A,Academic Atelier Academy,Standard Board,52.3,26.2,84.5,3.1
2024-1327,ADM-1327,Noah Taylor,noah.taylor417@atelier.edu,Mr. Taylor,+1-555-7841,Grade 12-A,Academic Atelier Academy,Standard Board,64.8,7.5,53.8,2.37
2024-1328,ADM-1328,Scarlett Thomas,scarlett.thomas418@atelier.edu,Mrs. Thomas,+1-555-6530,Grade 12-A,Academic Atelier Academy,Standard Board,62.9,25.0,98.0,3.35
2024-1329,ADM-1329,Emily Robinson,emily.robinson419@atelier.edu,Mrs. Robinson,+1-555-6770,Grade 12-A,Academic Atelier Academy,Standard Board,58.5,22.2,69.3,2.87
2024-1330,ADM-1330,Avery Brown,avery.brown420@atelier.edu,Mr. Brown,+1-555-2217,Grade 12-A,Academic Atelier Academy,Standard Board,97.3,20.7,85.9,3.49
2024-1331,ADM-1331,Sebastian Rodriguez,sebastian.rodriguez421@atelier.edu,Mr. Rodriguez,+1-555-4791,Grade 12-A,Academic Atelier Academy,Standard Board,53.4,6.2,53.1,2.11
2024-1332,ADM-1332,Aiden White,aiden.white422@atelier.edu,Mrs. White,+1-555-8916,Grade 12-A,Academic Atelier Academy,Standard Board,83.0,2.4,71.9,2.71
2024-1333,ADM-1333,Sebastian Smith,sebastian.smith423@atelier.edu,Mrs. Smith,+1-555-5501,Grade 12-A,Academic Atelier Academy,Standard Board,76.8,10.0,70.1,2.64
2024-1334,ADM-1334,Jack Lopez,jack.lopez424@atelier.edu,Mrs. Lopez,+1-555-2578,Grade 12-A,Academic Atelier Academy,Standard Board,76.2,8.7,77.2,3.06
2024-1335,ADM-1335,Amelia Thompson,amelia.thompson425@atelier.edu,Mrs. Thompson,+1-555-7502,Grade 12-A,Academic Atelier Academy,Standard Board,54.0,28.9,67.5,2.81
2024-1336,ADM-1336,Charlotte Anderson,charlotte.anderson426@atelier.edu,Mrs. Anderson,+1-555-2320,Grade 12-A,Academic Atelier Academy,Standard Board,82.7,26.0,85.6,3.32
2024-1337,ADM-1337,William Sanchez,william.sanchez427@atelier.edu,Mrs. Sanchez,+1-555-8798,Grade 12-A,Academic Atelier Academy,Standard Board,52.8,2.3,50.3,2.09
2024-1338,ADM-1338,Emily Ramirez,emily.ramirez428@atelier.edu,Mr. Ramirez,+1-555-6427,Grade 12-A,Academic Atelier Academy,Standard Board,78.3,26.0,45.7,2.91
2024-1339,ADM-1339,Sofia Williams,sofia.williams429@atelier.edu,Mrs. Williams,+1-555-8790,Grade 12-A,Academic Atelier Academy,Standard Board,63.6,27.9,81.1,3.3
2024-1340,ADM-1340,Mia Wright,mia.wright430@atelier.edu,Mr. Wright,+1-555-1539,Grade 12-A,Academic Atelier Academy,Standard Board,59.0,25.8,40.9,2.58
2024-1341,ADM-1341,Isabella Nguyen,isabella.nguyen431@atelier.edu,Mrs. Nguyen,+1-555-7525,Grade 12-A,Academic Atelier Academy,Standard Board,96.4,10.4,73.8,3.04
2024-1342,ADM-1342,Scarlett Harris,scarlett.harris432@atelier.edu,Mr. Harris,+1-555-9856,Grade 12-A,Academic Atelier Academy,Standard Board,66.6,23.2,48.4,2.54
2024-1343,ADM-1343,William Allen,william.allen433@atelier.edu,Mr. Allen,+1-555-6666,Grade 12-A,Academic Atelier Academy,Standard Board,52.7,14.2,90.3,2.87
2024-1344,ADM-1344,Michael Hill,michael.hill434@atelier.edu,Mr. Hill,+1-555-7499,Grade 12-A,Academic Atelier Academy,Standard Board,98.4,11.1,78.0,3.07
2024-1345,ADM-1345,Owen Young,owen.young435@atelier.edu,Mrs. Young,+1-555-7150,Grade 12-A,Academic Atelier Academy,Standard Board,71.6,21.0,79.6,3.23
2024-1346,ADM-1346,William Flores,william.flores436@atelier.edu,Mrs. Flores,+1-555-5037,Grade 12-A,Academic Atelier Academy,Standard Board,85.7,4.3,49.3,2.36
2024-1347,ADM-1347,Theodore Harris,theodore.harris437@atelier.edu,Mrs. Harris,+1-555-2745,Grade 12-A,Academic Atelier Academy,Standard Board,54.6,28.4,66.7,2.81
2024-1348,ADM-1348,Mia Miller,mia.miller438@atelier.edu,Mrs. Miller,+1-555-4070,Grade 12-A,Academic Atelier Academy,Standard Board,71.5,17.6,70.7,2.85
2024-1349,ADM-1349,Henry Johnson,henry.johnson439@atelier.edu,Mrs. Johnson,+1-555-2524,Grade 12-A,Academic Atelier Academy,Standard Board,79.8,24.0,91.8,3.52
2024-1350,ADM-1350,Liam Jackson,liam.jackson440@atelier.edu,Mrs. Jackson,+1-555-2387,Grade 12-A,Academic Atelier Academy,Standard Board,86.2,17.7,99.6,3.43
2024-1351,ADM-1351,Charlotte Torres,charlotte.torres441@atelier.edu,Mr. Torres,+1-555-7237,Grade 12-A,Academic Atelier Academy,Standard Board,58.5,9.5,56.1,2.2
2024-1352,ADM-1352,Theodore Jones,theodore.jones442@atelier.edu,Mrs. Jones,+1-555-5521,Grade 12-A,Academic Atelier Academy,Standard Board,71.1,15.6,44.6,2.47
2024-1353,ADM-1353,Amelia Thomas,amelia.thomas443@atelier.edu,Mr. Thomas,+1-555-9123,Grade 12-A,Academic Atelier Academy,Standard Board,79.7,7.5,46.4,2.38
2024-1354,ADM-1354,Evelyn Smith,evelyn.smith444@atelier.edu,Mr. Smith,+1-555-6443,Grade 12-A,Academic Atelier Academy,Standard Board,92.1,12.6,91.7,3.26
2024-1355,ADM-1355,Owen Perez,owen.perez445@atelier.edu,Mrs. Perez,+1-555-3230,Grade 12-A,Academic Atelier Academy,Standard Board,65.0,18.9,81.7,2.95
2024-1356,ADM-1356,Abigail Lee,abigail.lee446@atelier.edu,Mrs. Lee,+1-555-7524,Grade 12-A,Academic Atelier Academy,Standard Board,98.4,10.2,81.7,3.21
2024-1357,ADM-1357,Emily Torres,emily.torres447@atelier.edu,Mr. Torres,+1-555-6339,Grade 12-A,Academic Atelier Academy,Standard Board,68.8,24.9,63.6,2.77
2024-1358,ADM-1358,Lucas Torres,lucas.torres448@atelier.edu,Mrs. Torres,+1-555-9939,Grade 12-A,Academic Atelier Academy,Standard Board,59.0,23.5,41.6,2.29
2024-1359,ADM-1359,Aiden Wilson,aiden.wilson449@atelier.edu,Mrs. Wilson,+1-555-5773,Grade 12-A,Academic Atelier Academy,Standard Board,91.6,3.9,90.9,2.98
2024-1360,ADM-1360,Sebastian Young,sebastian.young450@atelier.edu,Mrs. Young,+1-555-5961,Grade 12-A,Academic Atelier Academy,Standard Board,62.1,20.4,82.9,3.01
2024-1361,ADM-1361,Matthew Jones,matthew.jones451@atelier.edu,Mrs. Jones,+1-555-8851,Grade 12-A,Academic Atelier Academy,Standard Board,79.1,17.0,95.4,3.37
2024-1362,ADM-1362,Sebastian Wright,sebastian.wright452@atelier.edu,Mrs. Wright,+1-555-6890,Grade 12-A,Academic Atelier Academy,Standard Board,85.1,24.7,75.6,3.49
2024-1363,ADM-1363,William Miller,william.miller453@atelier.edu,Mr. Miller,+1-555-6816,Grade 12-A,Academic Atelier Academy,Standard Board,58.3,19.2,73.8,2.92
2024-1364,ADM-1364,Jackson Perez,jackson.perez454@atelier.edu,Mr. Perez,+1-555-8052,Grade 12-A,Academic Atelier Academy,Standard Board,55.3,4.8,53.3,2.07
2024-1365,ADM-1365,Sofia Scott,sofia.scott455@atelier.edu,Mr. Scott,+1-555-4621,Grade 12-A,Academic Atelier Academy,Standard Board,72.3,13.0,86.3,3.01
2024-1366,ADM-1366,Grace Allen,grace.allen456@atelier.edu,Mrs. Allen,+1-555-1402,Grade 12-A,Academic Atelier Academy,Standard Board,74.1,10.3,95.2,2.97
2024-1367,ADM-1367,William Davis,william.davis457@atelier.edu,Mr. Davis,+1-555-3321,Grade 12-A,Academic Atelier Academy,Standard Board,67.4,11.6,87.1,2.92
2024-1368,ADM-1368,Sofia Walker,sofia.walker458@atelier.edu,Mrs. Walker,+1-555-2599,Grade 12-A,Academic Atelier Academy,Standard Board,71.9,21.5,59.1,2.79
2024-1369,ADM-1369,Evelyn Williams,evelyn.williams459@atelier.edu,Mr. Williams,+1-555-2885,Grade 12-A,Academic Atelier Academy,Standard Board,51.1,11.6,46.6,2.16
2024-1370,ADM-1370,Emma Thomas,emma.thomas460@atelier.edu,Mr. Thomas,+1-555-3623,Grade 12-A,Academic Atelier Academy,Standard Board,66.5,13.9,67.7,2.58
2024-1371,ADM-1371,Jackson Lopez,jackson.lopez461@atelier.edu,Mrs. Lopez,+1-555-8080,Grade 12-A,Academic Atelier Academy,Standard Board,69.8,22.6,93.0,3.4
2024-1372,ADM-1372,Owen Nguyen,owen.nguyen462@atelier.edu,Mrs. Nguyen,+1-555-1072,Grade 12-A,Academic Atelier Academy,Standard Board,85.2,7.8,85.1,3.19
2024-1373,ADM-1373,Elijah Torres,elijah.torres463@atelier.edu,Mrs. Torres,+1-555-9796,Grade 12-A,Academic Atelier Academy,Standard Board,59.3,11.1,67.5,2.51
2024-1374,ADM-1374,Amelia Young,amelia.young464@atelier.edu,Mr. Young,+1-555-6134,Grade 12-A,Academic Atelier Academy,Standard Board,79.8,19.1,75.2,3.14
2024-1375,ADM-1375,Daniel Thompson,daniel.thompson465@atelier.edu,Mr. Thompson,+1-555-3826,Grade 12-A,Academic Atelier Academy,Standard Board,90.7,21.8,57.8,3.12
2024-1376,ADM-1376,Victoria Nguyen,victoria.nguyen466@atelier.edu,Mrs. Nguyen,+1-555-3194,Grade 12-A,Academic Atelier Academy,Standard Board,65.7,8.7,47.0,2.18
2024-1377,ADM-1377,Ethan Martinez,ethan.martinez467@atelier.edu,Mr. Martinez,+1-555-7852,Grade 12-A,Academic Atelier Academy,Standard Board,79.8,18.1,65.4,2.95
2024-1378,ADM-1378,Emily Wright,emily.wright468@atelier.edu,Mr. Wright,+1-555-3838,Grade 12-A,Academic Atelier Academy,Standard Board,77.7,15.7,48.4,2.58
2024-1379,ADM-1379,Alexander Lewis,alexander.lewis469@atelier.edu,Mr. Lewis,+1-555-6882,Grade 12-A,Academic Atelier Academy,Standard Board,97.6,15.6,51.7,2.87
2024-1380,ADM-1380,Matthew Scott,matthew.scott470@atelier.edu,Mr. Scott,+1-555-9109,Grade 12-A,Academic Atelier Academy,Standard Board,70.5,15.8,82.6,2.91
2024-1381,ADM-1381,Owen Young,owen.young471@atelier.edu,Mrs. Young,+1-555-1505,Grade 12-A,Academic Atelier Academy,Standard Board,89.8,8.2,42.0,2.43
2024-1382,ADM-1382,Sophia Wright,sophia.wright472@atelier.edu,Mrs. Wright,+1-555-8492,Grade 12-A,Academic Atelier Academy,Standard Board,78.3,23.6,69.7,3.17
2024-1383,ADM-1383,Elizabeth Davis,elizabeth.davis473@atelier.edu,Mr. Davis,+1-555-5389,Grade 12-A,Academic Atelier Academy,Standard Board,88.8,25.1,62.0,3.34
2024-1384,ADM-1384,Oliver Lewis,oliver.lewis474@atelier.edu,Mr. Lewis,+1-555-7965,Grade 12-A,Academic Atelier Academy,Standard Board,55.1,25.2,85.1,3.22
2024-1385,ADM-1385,Evelyn Williams,evelyn.williams475@atelier.edu,Mrs. Williams,+1-555-6711,Grade 12-A,Academic Atelier Academy,Standard Board,93.1,4.4,91.9,3.37
2024-1386,ADM-1386,Lucas Thomas,lucas.thomas476@atelier.edu,Mrs. Thomas,+1-555-6744,Grade 12-A,Academic Atelier Academy,Standard Board,93.1,19.1,65.7,3.02
2024-1387,ADM-1387,Victoria Rodriguez,victoria.rodriguez477@atelier.edu,Mr. Rodriguez,+1-555-4390,Grade 12-A,Academic Atelier Academy,Standard Board,90.3,18.0,71.9,3.25
2024-1388,ADM-1388,Chloe Wright,chloe.wright478@atelier.edu,Mrs. Wright,+1-555-5794,Grade 12-A,Academic Atelier Academy,Standard Board,64.5,9.5,91.5,2.92
2024-1389,ADM-1389,Henry Rodriguez,henry.rodriguez479@atelier.edu,Mr. Rodriguez,+1-555-7743,Grade 12-A,Academic Atelier Academy,Standard Board,95.9,29.8,92.0,4.0
2024-1390,ADM-1390,Benjamin Rodriguez,benjamin.rodriguez480@atelier.edu,Mrs. Rodriguez,+1-555-6277,Grade 12-A,Academic Atelier Academy,Standard Board,91.4,23.3,80.6,3.33
2024-1391,ADM-1391,Emily Martinez,emily.martinez481@atelier.edu,Mr. Martinez,+1-555-5402,Grade 12-A,Academic Atelier Academy,Standard Board,81.4,12.5,44.5,2.38
2024-1392,ADM-1392,William Sanchez,william.sanchez482@atelier.edu,Mr. Sanchez,+1-555-5558,Grade 12-A,Academic Atelier Academy,Standard Board,84.7,26.6,67.3,3.16
2024-1393,ADM-1393,Emily Lee,emily.lee483@atelier.edu,Mr. Lee,+1-555-2526,Grade 12-A,Academic Atelier Academy,Standard Board,86.5,14.8,79.8,2.87
2024-1394,ADM-1394,Daniel Jones,daniel.jones484@atelier.edu,Mr. Jones,+1-555-7516,Grade 12-A,Academic Atelier Academy,Standard Board,60.9,14.0,52.7,2.33
2024-1395,ADM-1395,Mia Lee,mia.lee485@atelier.edu,Mr. Lee,+1-555-6533,Grade 12-A,Academic Atelier Academy,Standard Board,77.4,5.7,91.1,2.86
2024-1396,ADM-1396,Michael Brown,michael.brown486@atelier.edu,Mrs. Brown,+1-555-8529,Grade 12-A,Academic Atelier Academy,Standard Board,50.8,28.0,49.5,2.62
2024-1397,ADM-1397,Aiden Smith,aiden.smith487@atelier.edu,Mr. Smith,+1-555-8009,Grade 12-A,Academic Atelier Academy,Standard Board,60.1,21.3,47.9,2.55
2024-1398,ADM-1398,Evelyn Hernandez,evelyn.hernandez488@atelier.edu,Mr. Hernandez,+1-555-5489,Grade 12-A,Academic Atelier Academy,Standard Board,54.7,12.1,44.9,2.38
2024-1399,ADM-1399,Emma Brown,emma.brown489@atelier.edu,Mrs. Brown,+1-555-6005,Grade 12-A,Academic Atelier Academy,Standard Board,86.3,23.1,65.8,3.25
2024-1400,ADM-1400,William Miller,william.miller490@atelier.edu,Mrs. Miller,+1-555-8812,Grade 12-A,Academic Atelier Academy,Standard Board,53.9,18.6,71.2,2.64
2024-1401,ADM-1401,Owen Smith,owen.smith491@atelier.edu,Mrs. Smith,+1-555-6629,Grade 12-A,Academic Atelier Academy,Standard Board,90.9,29.7,65.3,3.25
2024-1402,ADM-1402,Benjamin Walker,benjamin.walker492@atelier.edu,Mrs. Walker,+1-555-7276,Grade 12-A,Academic Atelier Academy,Standard Board,54.5,24.6,46.2,2.56
2024-1403,ADM-1403,Ethan Martin,ethan.martin493@atelier.edu,Mrs. Martin,+1-555-3181,Grade 12-A,Academic Atelier Academy,Standard Board,82.1,21.0,44.1,2.55
2024-1404,ADM-1404,Scarlett Smith,scarlett.smith494@atelier.edu,Mr. Smith,+1-555-3688,Grade 12-A,Academic Atelier Academy,Standard Board,72.0,22.2,77.7,3.34
2024-1405,ADM-1405,Theodore Clark,theodore.clark495@atelier.edu,Mr. Clark,+1-555-8248,Grade 12-A,Academic Atelier Academy,Standard Board,93.0,4.4,46.0,2.56
2024-1406,ADM-1406,Lucas Nguyen,lucas.nguyen496@atelier.edu,Mr. Nguyen,+1-555-6759,Grade 12-A,Academic Atelier Academy,Standard Board,98.2,10.8,48.4,2.64
2024-1407,ADM-1407,Mia Garcia,mia.garcia497@atelier.edu,Mrs. Garcia,+1-555-5668,Grade 12-A,Academic Atelier Academy,Standard Board,88.9,21.3,90.9,3.29
2024-1408,ADM-1408,Evelyn Wilson,evelyn.wilson498@atelier.edu,Mr. Wilson,+1-555-9348,Grade 12-A,Academic Atelier Academy,Standard Board,59.4,13.0,78.8,2.9
2024-1409,ADM-1409,Charlotte Young,charlotte.young499@atelier.edu,Mrs. Young,+1-555-4949,Grade 12-A,Academic Atelier Academy,Standard Board,75.0,18.6,71.7,2.96
2024-1410,ADM-1410,Liam White,liam.white500@atelier.edu,Mr. White,+1-555-3162,Grade 12-A,Academic Atelier Academy,Standard Board,69.3,25.5,65.3,3.14
2024-1411,ADM-1411,Avery Lopez,avery.lopez501@atelier.edu,Mr. Lopez,+1-555-2195,Grade 12-A,Academic Atelier Academy,Standard Board,50.8,3.9,55.7,1.86
2024-1412,ADM-1412,Oliver Brown,oliver.brown502@atelier.edu,Mr. Brown,+1-555-7520,Grade 12-A,Academic Atelier Academy,Standard Board,75.3,19.6,70.1,2.91
2024-1413,ADM-1413,Sebastian Ramirez,sebastian.ramirez503@atelier.edu,Mr. Ramirez,+1-555-2350,Grade 12-A,Academic Atelier Academy,Standard Board,82.0,17.1,49.2,2.68
2024-1414,ADM-1414,William Martin,william.martin504@atelier.edu,Mrs. Martin,+1-555-4329,Grade 12-A,Academic Atelier Academy,Standard Board,98.7,6.4,59.6,2.75
2024-1415,ADM-1415,Grace Jones,grace.jones505@atelier.edu,Mrs. Jones,+1-555-8167,Grade 12-A,Academic Atelier Academy,Standard Board,86.5,25.7,43.5,2.82
2024-1416,ADM-1416,William Ramirez,william.ramirez506@atelier.edu,Mrs. Ramirez,+1-555-1901,Grade 12-A,Academic Atelier Academy,Standard Board,65.5,22.8,84.4,3.23
2024-1417,ADM-1417,Lucas Smith,lucas.smith507@atelier.edu,Mr. Smith,+1-555-1185,Grade 12-A,Academic Atelier Academy,Standard Board,58.2,28.7,71.4,2.91
2024-1418,ADM-1418,Amelia Hernandez,amelia.hernandez508@atelier.edu,Mrs. Hernandez,+1-555-5403,Grade 12-A,Academic Atelier Academy,Standard Board,86.6,5.3,94.0,3.07
2024-1419,ADM-1419,Michael Ramirez,michael.ramirez509@atelier.edu,Mrs. Ramirez,+1-555-2046,Grade 12-A,Academic Atelier Academy,Standard Board,63.1,29.3,77.7,3.22
2024-1420,ADM-1420,Emily Robinson,emily.robinson510@atelier.edu,Mr. Robinson,+1-555-1908,Grade 12-A,Academic Atelier Academy,Standard Board,75.0,17.9,62.1,2.87
2024-1421,ADM-1421,Amelia Miller,amelia.miller511@atelier.edu,Mr. Miller,+1-555-2889,Grade 12-A,Academic Atelier Academy,Standard Board,61.4,16.2,42.6,2.39
2024-1422,ADM-1422,Liam Thomas,liam.thomas512@atelier.edu,Mrs. Thomas,+1-555-6963,Grade 12-A,Academic Atelier Academy,Standard Board,69.1,6.2,95.9,2.8
2024-1423,ADM-1423,Oliver Scott,oliver.scott513@atelier.edu,Mr. Scott,+1-555-7870,Grade 12-A,Academic Atelier Academy,Standard Board,61.2,9.0,95.0,2.72
2024-1424,ADM-1424,Alexander Moore,alexander.moore514@atelier.edu,Mr. Moore,+1-555-7108,Grade 12-A,Academic Atelier Academy,Standard Board,56.0,20.9,43.2,2.53
2024-1425,ADM-1425,Sophia King,sophia.king515@atelier.edu,Mr. King,+1-555-7568,Grade 12-A,Academic Atelier Academy,Standard Board,53.4,15.0,56.9,2.43
2024-1426,ADM-1426,Evelyn Lee,evelyn.lee516@atelier.edu,Mrs. Lee,+1-555-8483,Grade 12-A,Academic Atelier Academy,Standard Board,50.4,7.6,73.8,2.32
2024-1427,ADM-1427,Evelyn Flores,evelyn.flores517@atelier.edu,Mrs. Flores,+1-555-7033,Grade 12-A,Academic Atelier Academy,Standard Board,79.6,15.8,86.4,3.36
2024-1428,ADM-1428,Ava Wright,ava.wright518@atelier.edu,Mr. Wright,+1-555-5016,Grade 12-A,Academic Atelier Academy,Standard Board,57.5,28.1,41.4,2.57
2024-1429,ADM-1429,Avery Thompson,avery.thompson519@atelier.edu,Mr. Thompson,+1-555-1157,Grade 12-A,Academic Atelier Academy,Standard Board,97.5,2.0,79.4,3.06
2024-1430,ADM-1430,Evelyn Miller,evelyn.miller520@atelier.edu,Mrs. Miller,+1-555-4902,Grade 12-A,Academic Atelier Academy,Standard Board,71.0,28.9,98.4,3.61
2024-1431,ADM-1431,Theodore Moore,theodore.moore521@atelier.edu,Mrs. Moore,+1-555-4792,Grade 12-A,Academic Atelier Academy,Standard Board,94.9,16.6,82.1,3.56
2024-1432,ADM-1432,Ethan Robinson,ethan.robinson522@atelier.edu,Mr. Robinson,+1-555-2391,Grade 12-A,Academic Atelier Academy,Standard Board,79.0,16.2,78.2,3.26
2024-1433,ADM-1433,Jackson Jones,jackson.jones523@atelier.edu,Mr. Jones,+1-555-2020,Grade 12-A,Academic Atelier Academy,Standard Board,71.7,29.0,54.2,2.92
2024-1434,ADM-1434,Amelia Lee,amelia.lee524@atelier.edu,Mr. Lee,+1-555-7438,Grade 12-A,Academic Atelier Academy,Standard Board,85.0,22.6,59.1,3.13
2024-1435,ADM-1435,Mia Anderson,mia.anderson525@atelier.edu,Mrs. Anderson,+1-555-4321,Grade 12-A,Academic Atelier Academy,Standard Board,56.8,23.6,46.5,2.59
2024-1436,ADM-1436,Henry Hernandez,henry.hernandez526@atelier.edu,Mrs. Hernandez,+1-555-6145,Grade 12-A,Academic Atelier Academy,Standard Board,70.3,17.0,97.9,3.43
2024-1437,ADM-1437,Isabella Lewis,isabella.lewis527@atelier.edu,Mrs. Lewis,+1-555-5341,Grade 12-A,Academic Atelier Academy,Standard Board,92.6,4.5,88.5,2.94
2024-1438,ADM-1438,Evelyn Hill,evelyn.hill528@atelier.edu,Mrs. Hill,+1-555-6370,Grade 12-A,Academic Atelier Academy,Standard Board,57.4,21.9,98.1,3.33
2024-1439,ADM-1439,Jackson Allen,jackson.allen529@atelier.edu,Mrs. Allen,+1-555-5896,Grade 12-A,Academic Atelier Academy,Standard Board,63.0,29.7,41.9,2.8
2024-1440,ADM-1440,Jackson Lewis,jackson.lewis530@atelier.edu,Mr. Lewis,+1-555-5093,Grade 12-A,Academic Atelier Academy,Standard Board,54.7,4.9,87.6,2.39
2024-1441,ADM-1441,Lucas Smith,lucas.smith531@atelier.edu,Mrs. Smith,+1-555-4641,Grade 12-A,Academic Atelier Academy,Standard Board,56.5,25.1,62.3,2.64
2024-1442,ADM-1442,William Nguyen,william.nguyen532@atelier.edu,Mr. Nguyen,+1-555-2228,Grade 12-A,Academic Atelier Academy,Standard Board,51.1,3.8,94.1,2.38
2024-1443,ADM-1443,Owen Rodriguez,owen.rodriguez533@atelier.edu,Mrs. Rodriguez,+1-555-6432,Grade 12-A,Academic Atelier Academy,Standard Board,56.1,28.4,43.0,2.54
2024-1444,ADM-1444,Scarlett Ramirez,scarlett.ramirez534@atelier.edu,Mr. Ramirez,+1-555-7471,Grade 12-A,Academic Atelier Academy,Standard Board,74.8,12.7,65.6,2.81
2024-1445,ADM-1445,Daniel Wilson,daniel.wilson535@atelier.edu,Mr. Wilson,+1-555-5505,Grade 12-A,Academic Atelier Academy,Standard Board,64.0,26.7,42.1,2.79
2024-1446,ADM-1446,Victoria Flores,victoria.flores536@atelier.edu,Mrs. Flores,+1-555-5835,Grade 12-A,Academic Atelier Academy,Standard Board,74.9,26.7,68.7,3.15
2024-1447,ADM-1447,William Moore,william.moore537@atelier.edu,Mrs. Moore,+1-555-7868,Grade 12-A,Academic Atelier Academy,Standard Board,60.0,26.8,71.5,3.2
2024-1448,ADM-1448,Avery Johnson,avery.johnson538@atelier.edu,Mr. Johnson,+1-555-6883,Grade 12-A,Academic Atelier Academy,Standard Board,74.0,23.9,60.6,2.77
2024-1449,ADM-1449,Scarlett Allen,scarlett.allen539@atelier.edu,Mrs. Allen,+1-555-5430,Grade 12-A,Academic Atelier Academy,Standard Board,59.0,10.9,53.1,2.09
2024-1450,ADM-1450,Mia Brown,mia.brown540@atelier.edu,Mr. Brown,+1-555-8728,Grade 12-A,Academic Atelier Academy,Standard Board,76.5,23.5,100.0,3.54
2024-1451,ADM-1451,Emma Miller,emma.miller541@atelier.edu,Mrs. Miller,+1-555-4951,Grade 12-A,Academic Atelier Academy,Standard Board,63.3,24.9,95.0,3.39
2024-1452,ADM-1452,James Anderson,james.anderson542@atelier.edu,Mr. Anderson,+1-555-7363,Grade 12-A,Academic Atelier Academy,Standard Board,67.7,25.5,90.7,3.35
2024-1453,ADM-1453,Olivia Thomas,olivia.thomas543@atelier.edu,Mr. Thomas,+1-555-6878,Grade 12-A,Academic Atelier Academy,Standard Board,95.7,2.8,82.0,2.7
2024-1454,ADM-1454,Scarlett Torres,scarlett.torres544@atelier.edu,Mrs. Torres,+1-555-4084,Grade 12-A,Academic Atelier Academy,Standard Board,91.8,24.7,98.2,3.72
2024-1455,ADM-1455,Avery Martin,avery.martin545@atelier.edu,Mrs. Martin,+1-555-1621,Grade 12-A,Academic Atelier Academy,Standard Board,54.5,8.5,53.1,2.02
2024-1456,ADM-1456,Sofia Walker,sofia.walker546@atelier.edu,Mrs. Walker,+1-555-4300,Grade 12-A,Academic Atelier Academy,Standard Board,90.3,11.5,50.6,2.73
2024-1457,ADM-1457,Alexander Brown,alexander.brown547@atelier.edu,Mrs. Brown,+1-555-3320,Grade 12-A,Academic Atelier Academy,Standard Board,88.7,25.7,91.6,3.67
2024-1458,ADM-1458,Elijah White,elijah.white548@atelier.edu,Mr. White,+1-555-7481,Grade 12-A,Academic Atelier Academy,Standard Board,79.3,11.4,59.4,2.53
2024-1459,ADM-1459,Emma Ramirez,emma.ramirez549@atelier.edu,Mr. Ramirez,+1-555-8982,Grade 12-A,Academic Atelier Academy,Standard Board,82.5,6.9,98.1,3.08
2024-1460,ADM-1460,Victoria Thompson,victoria.thompson550@atelier.edu,Mrs. Thompson,+1-555-3872,Grade 12-A,Academic Atelier Academy,Standard Board,68.9,22.6,57.7,2.67
2024-1461,ADM-1461,Olivia Smith,olivia.smith551@atelier.edu,Mr. Smith,+1-555-7415,Grade 12-A,Academic Atelier Academy,Standard Board,92.5,23.6,74.0,3.34
2024-1462,ADM-1462,Olivia Hill,olivia.hill552@atelier.edu,Mrs. Hill,+1-555-4619,Grade 12-A,Academic Atelier Academy,Standard Board,82.0,4.9,69.8,2.78
2024-1463,ADM-1463,Michael Jones,michael.jones553@atelier.edu,Mrs. Jones,+1-555-6234,Grade 12-A,Academic Atelier Academy,Standard Board,58.4,26.8,45.3,2.48
2024-1464,ADM-1464,Michael Lewis,michael.lewis554@atelier.edu,Mrs. Lewis,+1-555-4435,Grade 12-A,Academic Atelier Academy,Standard Board,62.5,3.9,55.4,2.25
2024-1465,ADM-1465,Henry Smith,henry.smith555@atelier.edu,Mrs. Smith,+1-555-8179,Grade 12-A,Academic Atelier Academy,Standard Board,86.6,29.1,93.1,3.65
2024-1466,ADM-1466,Emily Harris,emily.harris556@atelier.edu,Mrs. Harris,+1-555-7149,Grade 12-A,Academic Atelier Academy,Standard Board,55.1,15.4,91.8,2.85
2024-1467,ADM-1467,Sophia Hernandez,sophia.hernandez557@atelier.edu,Mrs. Hernandez,+1-555-1547,Grade 12-A,Academic Atelier Academy,Standard Board,64.7,10.9,97.1,3.01
2024-1468,ADM-1468,Elijah Perez,elijah.perez558@atelier.edu,Mrs. Perez,+1-555-7151,Grade 12-A,Academic Atelier Academy,Standard Board,58.0,4.1,96.5,2.63
2024-1469,ADM-1469,William Perez,william.perez559@atelier.edu,Mr. Perez,+1-555-8909,Grade 12-A,Academic Atelier Academy,Standard Board,85.2,14.1,79.2,3.02
2024-1470,ADM-1470,Chloe Ramirez,chloe.ramirez560@atelier.edu,Mrs. Ramirez,+1-555-2659,Grade 12-A,Academic Atelier Academy,Standard Board,66.6,29.3,64.6,2.91
2024-1471,ADM-1471,Ella Wright,ella.wright561@atelier.edu,Mrs. Wright,+1-555-5612,Grade 12-A,Academic Atelier Academy,Standard Board,64.9,4.7,63.6,2.59
2024-1472,ADM-1472,Ella Young,ella.young562@atelier.edu,Mrs. Young,+1-555-6911,Grade 12-A,Academic Atelier Academy,Standard Board,50.2,4.5,89.4,2.57
2024-1473,ADM-1473,Chloe Walker,chloe.walker563@atelier.edu,Mrs. Walker,+1-555-1421,Grade 12-A,Academic Atelier Academy,Standard Board,60.3,19.9,98.6,3.15
2024-1474,ADM-1474,Abigail Davis,abigail.davis564@atelier.edu,Mrs. Davis,+1-555-7512,Grade 12-A,Academic Atelier Academy,Standard Board,73.5,27.1,55.9,2.97
2024-1475,ADM-1475,Avery Harris,avery.harris565@atelier.edu,Mrs. Harris,+1-555-7249,Grade 12-A,Academic Atelier Academy,Standard Board,68.5,14.5,55.8,2.53
2024-1476,ADM-1476,Aiden Taylor,aiden.taylor566@atelier.edu,Mrs. Taylor,+1-555-5400,Grade 12-A,Academic Atelier Academy,Standard Board,78.2,6.2,81.8,2.8
2024-1477,ADM-1477,Henry Garcia,henry.garcia567@atelier.edu,Mr. Garcia,+1-555-9871,Grade 12-A,Academic Atelier Academy,Standard Board,70.7,23.2,53.7,2.85
2024-1478,ADM-1478,James Harris,james.harris568@atelier.edu,Mr. Harris,+1-555-7858,Grade 12-A,Academic Atelier Academy,Standard Board,98.3,21.2,96.2,3.78
2024-1479,ADM-1479,Scarlett Thomas,scarlett.thomas569@atelier.edu,Mrs. Thomas,+1-555-2293,Grade 12-A,Academic Atelier Academy,Standard Board,69.7,25.9,42.1,2.59
2024-1480,ADM-1480,Scarlett King,scarlett.king570@atelier.edu,Mr. King,+1-555-3415,Grade 12-A,Academic Atelier Academy,Standard Board,56.0,23.2,50.4,2.48
2024-1481,ADM-1481,Emma Wilson,emma.wilson571@atelier.edu,Mr. Wilson,+1-555-3067,Grade 12-A,Academic Atelier Academy,Standard Board,52.1,4.2,81.0,2.42
2024-1482,ADM-1482,Ava Martinez,ava.martinez572@atelier.edu,Mr. Martinez,+1-555-5225,Grade 12-A,Academic Atelier Academy,Standard Board,66.0,22.4,88.4,2.94
2024-1483,ADM-1483,William Harris,william.harris573@atelier.edu,Mr. Harris,+1-555-6343,Grade 12-A,Academic Atelier Academy,Standard Board,92.8,16.6,95.0,3.3
2024-1484,ADM-1484,Liam Flores,liam.flores574@atelier.edu,Mr. Flores,+1-555-7874,Grade 12-A,Academic Atelier Academy,Standard Board,55.6,6.2,74.0,2.61
2024-1485,ADM-1485,Grace Miller,grace.miller575@atelier.edu,Mr. Miller,+1-555-2654,Grade 12-A,Academic Atelier Academy,Standard Board,89.3,26.3,92.8,3.86
2024-1486,ADM-1486,Sebastian Taylor,sebastian.taylor576@atelier.edu,Mrs. Taylor,+1-555-8955,Grade 12-A,Academic Atelier Academy,Standard Board,78.6,15.2,50.3,2.57
2024-1487,ADM-1487,Jackson Martinez,jackson.martinez577@atelier.edu,Mr. Martinez,+1-555-7581,Grade 12-A,Academic Atelier Academy,Standard Board,51.9,26.9,59.9,2.81
2024-1488,ADM-1488,Charlotte Brown,charlotte.brown578@atelier.edu,Mr. Brown,+1-555-5400,Grade 12-A,Academic Atelier Academy,Standard Board,94.9,2.6,89.0,3.08
2024-1489,ADM-1489,Evelyn Martin,evelyn.martin579@atelier.edu,Mrs. Martin,+1-555-9054,Grade 12-A,Academic Atelier Academy,Standard Board,92.9,21.2,98.3,4.0
2024-1490,ADM-1490,Sophia Rodriguez,sophia.rodriguez580@atelier.edu,Mrs. Rodriguez,+1-555-8259,Grade 12-A,Academic Atelier Academy,Standard Board,88.7,11.0,83.7,3.25
2024-1491,ADM-1491,Chloe Garcia,chloe.garcia581@atelier.edu,Mrs. Garcia,+1-555-4463,Grade 12-A,Academic Atelier Academy,Standard Board,95.7,13.4,69.1,3.03
2024-1492,ADM-1492,Sofia White,sofia.white582@atelier.edu,Mr. White,+1-555-9442,Grade 12-A,Academic Atelier Academy,Standard Board,89.6,3.8,82.6,2.8
2024-1493,ADM-1493,Jackson Rodriguez,jackson.rodriguez583@atelier.edu,Mr. Rodriguez,+1-555-9589,Grade 12-A,Academic Atelier Academy,Standard Board,94.0,2.8,51.6,2.28
2024-1494,ADM-1494,Ava Brown,ava.brown584@atelier.edu,Mrs. Brown,+1-555-8478,Grade 12-A,Academic Atelier Academy,Standard Board,52.5,12.1,51.9,2.26
2024-1495,ADM-1495,Ethan Robinson,ethan.robinson585@atelier.edu,Mr. Robinson,+1-555-3029,Grade 12-A,Academic Atelier Academy,Standard Board,84.1,8.8,69.3,2.69
2024-1496,ADM-1496,Owen Lopez,owen.lopez586@atelier.edu,Mr. Lopez,+1-555-8775,Grade 12-A,Academic Atelier Academy,Standard Board,79.3,11.8,49.8,2.34
2024-1497,ADM-1497,Amelia Garcia,amelia.garcia587@atelier.edu,Mrs. Garcia,+1-555-7333,Grade 12-A,Academic Atelier Academy,Standard Board,52.5,25.9,86.8,3.05
2024-1498,ADM-1498,Isabella Anderson,isabella.anderson588@atelier.edu,Mr. Anderson,+1-555-4387,Grade 12-A,Academic Atelier Academy,Standard Board,63.5,13.5,41.2,2.11
2024-1499,ADM-1499,Liam Walker,liam.walker589@atelier.edu,Mr. Walker,+1-555-3837,Grade 12-A,Academic Atelier Academy,Standard Board,80.1,2.2,55.1,2.55
2024-1500,ADM-1500,Evelyn Moore,evelyn.moore590@atelier.edu,Mrs. Moore,+1-555-7168,Grade 12-A,Academic Atelier Academy,Standard Board,92.6,14.9,53.1,2.91
2024-1501,ADM-1501,Evelyn King,evelyn.king591@atelier.edu,Mr. King,+1-555-7506,Grade 12-A,Academic Atelier Academy,Standard Board,79.2,2.2,100.0,3.01
2024-1502,ADM-1502,Ethan Scott,ethan.scott592@atelier.edu,Mr. Scott,+1-555-5631,Grade 12-A,Academic Atelier Academy,Standard Board,64.9,5.0,43.8,2.25
2024-1503,ADM-1503,Mia Lee,mia.lee593@atelier.edu,Mr. Lee,+1-555-5278,Grade 12-A,Academic Atelier Academy,Standard Board,82.8,28.7,79.1,3.45
2024-1504,ADM-1504,Ava Martinez,ava.martinez594@atelier.edu,Mr. Martinez,+1-555-4937,Grade 12-A,Academic Atelier Academy,Standard Board,95.0,24.6,88.1,3.51
2024-1505,ADM-1505,Chloe Sanchez,chloe.sanchez595@atelier.edu,Mr. Sanchez,+1-555-3292,Grade 12-A,Academic Atelier Academy,Standard Board,86.1,20.4,99.8,3.76
